,Fecha,TemperaturaMax,TemperaturaMin,Viento,Humedad,Precipitaciones,PresionMax,PresionMin,Averias,EnergiaSolar,EnergiaEolica,Amanecer,Atardecer,DuracionDia,LuzHabitacion1,LuzHabitacion2,LuzSalon,LuzCocina,LuzBa単o1,LuzBa単o2,LuzDespacho,LuzExterior,ConsumoAguaDucha1,ConsumoAguaDucha2,ConsumoAguaWC1,ConsumoAguaWC2,ConsumoAguaLavabo1,ConsumoAguaLavabo2,ConsumoAguaLavadora,ConsumoAguaLavavajillas,ConsumoAguaFregadero,ConsumoAguaExterior,ConsumoAguaBa単o1,ConsumoAguaBa単o2,ConsumoAguaCocina,GastoAguaTotal,ConsumoVitroceramica,ConsumoFrigorifico,ConsumoLavadora,ConsumoHorno,ConsumoTelevision,ConsumoMicroondas,ConsumoLavavajillas,GastoLuzTotal
0,2019-01-01,11.7,1.1,1.08,72,0.0,953.9,951.5,1,0.31,0.01,08:38:00,17:57:00,09:19:00,0.28,0.16,0.25,0.49,0.06,0.07,0.26,0.02,113,75,119,64,117,26,0,0.0,56,24,349,165,56.0,570.0,3.6,20.2,0.77,0.49,0.24,1.7,0.1,28.689999999999998
1,2019-01-02,11.6,-0.2,2.16,75,0.0,952.5,948.3,0,0.27,0.0,08:38:00,17:58:00,09:20:00,0.28,0.23,0.27,0.56,0.06,0.07,0.2,0.02,130,92,112,64,97,52,42,6.5,103,0,339,208,151.5,698.5,4.4,21.3,0.55,0.65,1.075,1.4,0.432,31.496999999999996
2,2019-01-03,11.8,2.8,2.16,75,0.0,951.4,949.0,0,0.12,0.0,08:38:00,17:59:00,09:20:00,0.3,0.19,0.28,0.57,0.07,0.08,0.27,0.03,184,98,120,68,56,32,42,14.0,105,0,360,198,161.0,719.0,1.8,20.4,0.27,0.3,1.02,1.0,0.383,26.962999999999997
3,2019-01-04,11.4,0.0,1.08,72,0.0,952.9,949.9,0,0.12,0.0,08:38:00,18:00:00,09:21:00,0.23,0.24,0.3,0.55,0.06,0.09,0.24,0.02,185,89,115,67,62,40,0,6.5,33,0,362,196,39.5,597.5,0.3,21.9,0.98,0.17,1.159,2.1,0.387,28.726000000000003
4,2019-01-05,10.9,-0.2,2.16,74,0.0,955.2,952.5,1,0.34,0.0,08:38:00,18:01:00,09:22:00,0.29,0.17,0.18,0.44,0.08,0.06,0.27,0.02,172,97,115,57,109,45,42,14.0,107,12,396,199,163.0,758.0,4.7,18.8,0.78,0.17,1.31,1.8,0.48,29.550000000000004
5,2019-01-06,13.8,-0.7,3.96,72,0.0,953.3,950.2,0,0.19,0.0,08:38:00,18:02:00,09:23:00,0.26,0.24,0.28,0.51,0.07,0.08,0.18,0.03,122,91,122,59,55,38,0,6.5,5,12,299,188,11.5,498.5,0.2,19.7,0.39,0.59,0.063,1.0,0.268,23.861
6,2019-01-07,13.7,0.2,2.16,73,0.0,951.2,948.6,0,0.15,0.0,08:38:00,18:03:00,09:24:00,0.31,0.16,0.24,0.49,0.09,0.07,0.29,0.03,155,95,136,68,60,40,42,18.0,9,0,351,203,69.0,623.0,2.3,20.7,0.25,0.32,0.369,1.1,0.472,27.191000000000003
7,2019-01-08,13.0,1.1,2.88,72,0.0,952.5,947.8,0,0.13,0.0,08:38:00,18:04:00,09:25:00,0.28,0.21,0.24,0.57,0.06,0.07,0.21,0.03,151,90,122,67,65,36,42,6.5,53,12,338,193,101.5,632.5,3.4,19.9,0.93,0.22,0.19,0.5,0.164,26.974
8,2019-01-09,13.2,2.0,5.04,71,0.0,948.2,941.3,0,0.21,0.0,08:38:00,18:05:00,09:26:00,0.24,0.14,0.26,0.49,0.07,0.07,0.24,0.03,112,93,129,59,78,47,50,14.0,71,0,319,199,135.0,653.0,3.4,21.9,0.27,0.49,0.689,1.1,0.472,29.860999999999997
9,2019-01-10,8.6,0.4,10.08,72,0.0,945.1,940.2,0,0.02,0.0,08:38:00,18:06:00,09:28:00,0.28,0.19,0.25,0.52,0.07,0.07,0.29,0.03,109,67,122,56,72,29,42,14.0,93,0,303,152,149.0,604.0,3.7,18.1,0.08,0.25,0.035,1.9,0.202,25.967
10,2019-01-11,7.0,-2.0,2.16,75,0.0,949.6,944.7,0,0.19,0.0,08:38:00,18:07:00,09:29:00,0.3,0.22,0.21,0.6,0.09,0.06,0.21,0.02,136,70,137,56,79,58,50,0.0,99,12,352,184,149.0,685.0,1.2,20.6,0.23,0.09,1.412,1.9,0.124,27.266
11,2019-01-12,9.5,-0.8,2.88,75,0.0,952.0,948.9,0,0.11,0.0,08:37:00,18:08:00,09:30:00,0.29,0.18,0.29,0.56,0.06,0.06,0.29,0.02,122,98,114,58,110,43,50,6.5,26,0,346,199,82.5,627.5,2.2,18.6,0.07,0.0,1.553,1.5,0.451,26.124000000000002
12,2019-01-13,10.8,-0.7,2.88,74,0.0,950.0,945.5,0,0.23,0.0,08:37:00,18:09:00,09:31:00,0.24,0.21,0.19,0.58,0.07,0.06,0.27,0.02,172,82,124,64,101,45,62,0.0,35,12,397,191,97.0,685.0,1.3,19.6,0.41,0.07,0.858,0.9,0.157,24.935000000000002
13,2019-01-14,12.5,0.6,2.16,72,0.0,947.4,943.5,0,0.21,0.0,08:37:00,18:10:00,09:33:00,0.24,0.24,0.21,0.54,0.06,0.06,0.29,0.02,185,59,136,59,88,53,42,18.0,45,0,409,171,105.0,685.0,3.7,21.1,0.7,0.2,0.593,0.3,0.232,28.485
14,2019-01-15,11.0,1.0,5.04,74,0.0,944.6,941.3,0,0.33,0.0,08:36:00,18:11:00,09:34:00,0.26,0.2,0.26,0.46,0.07,0.07,0.21,0.02,153,78,135,65,117,47,50,14.0,37,0,405,190,101.0,696.0,4.7,20.0,0.67,0.72,1.328,0.8,0.368,30.136
15,2019-01-16,10.1,1.3,3.96,71,0.0,942.2,939.0,0,0.16,0.0,08:36:00,18:12:00,09:36:00,0.24,0.21,0.26,0.47,0.07,0.06,0.29,0.02,164,86,135,65,98,52,50,6.5,28,12,397,203,84.5,684.5,1.5,20.1,0.26,0.01,0.421,2.3,0.429,26.640000000000004
16,2019-01-17,7.8,2.7,1.08,71,0.0,942.8,939.5,0,0.09,0.0,08:36:00,18:13:00,09:37:00,0.22,0.17,0.23,0.53,0.08,0.08,0.27,0.02,189,54,113,58,89,31,62,14.0,33,12,391,143,109.0,643.0,1.7,21.1,0.61,0.02,1.262,1.4,0.021,27.713
17,2019-01-18,7.6,-0.3,3.96,75,0.0,942.5,940.0,0,0.11,0.0,08:35:00,18:15:00,09:39:00,0.22,0.15,0.23,0.62,0.08,0.07,0.2,0.03,170,55,112,69,58,34,42,18.0,69,12,340,158,129.0,627.0,4.0,20.9,0.92,0.68,1.094,0.7,0.097,29.991000000000003
18,2019-01-19,4.0,-1.1,2.16,73,5.9,939.8,931.9,2,0.01,0.0,08:35:00,18:16:00,09:41:00,0.29,0.17,0.24,0.47,0.07,0.08,0.3,0.02,160,79,119,65,90,49,50,6.5,34,24,369,193,90.5,652.5,3.9,18.6,0.58,0.7,0.121,0.8,0.16,26.500999999999998
19,2019-01-20,9.3,3.0,7.92,75,0.0,941.1,930.4,0,0.12,0.0,08:34:00,18:17:00,09:42:00,0.27,0.23,0.22,0.38,0.07,0.09,0.26,0.02,148,86,115,62,98,43,50,0.0,9,12,361,191,59.0,611.0,0.6,18.0,0.96,0.59,0.907,0.9,0.177,23.674
20,2019-01-21,9.2,1.0,12.96,71,0.0,943.8,940.8,0,0.07,0.0,08:33:00,18:18:00,09:44:00,0.19,0.2,0.26,0.44,0.06,0.09,0.19,0.02,153,94,139,69,82,41,42,10.0,99,12,374,204,151.0,729.0,1.2,21.4,0.01,0.15,1.136,1.2,0.027,26.572999999999997
21,2019-01-22,8.0,0.7,6.84,71,0.4,945.0,935.0,0,0.11,0.0,08:33:00,18:19:00,09:46:00,0.31,0.21,0.18,0.49,0.07,0.07,0.29,0.03,149,90,129,57,76,25,0,10.0,114,24,354,172,124.0,650.0,3.5,19.8,0.68,0.63,0.021,1.7,0.267,28.248
22,2019-01-23,13.0,5.0,15.84,75,0.0,934.1,929.3,1,0.23,0.0,08:32:00,18:20:00,09:48:00,0.29,0.23,0.21,0.42,0.08,0.07,0.19,0.02,144,96,116,68,70,52,50,18.0,59,0,330,216,127.0,673.0,2.3,19.2,0.82,0.64,0.998,1.0,0.419,26.887
23,2019-01-24,14.7,7.9,7.92,74,0.0,938.6,931.5,0,0.29,0.0,08:31:00,18:22:00,09:50:00,0.27,0.17,0.23,0.53,0.09,0.09,0.24,0.02,182,83,130,61,76,34,0,0.0,33,12,388,178,33.0,599.0,1.2,21.2,0.2,0.37,0.249,1.0,0.015,25.874
24,2019-01-25,14.9,4.8,11.88,72,0.0,943.3,938.2,0,0.28,0.0,08:31:00,18:23:00,09:52:00,0.22,0.2,0.18,0.49,0.09,0.07,0.3,0.03,172,61,128,65,50,39,50,0.0,36,24,350,165,86.0,601.0,2.2,19.1,0.07,0.12,0.94,0.7,0.18,24.890000000000004
25,2019-01-26,12.5,2.0,3.96,72,0.0,943.9,939.3,0,0.14,0.0,08:30:00,18:24:00,09:54:00,0.27,0.16,0.27,0.56,0.08,0.08,0.18,0.03,172,76,119,66,74,48,62,0.0,27,0,365,190,89.0,644.0,3.0,21.1,0.17,0.24,1.265,1.4,0.207,29.012000000000004
26,2019-01-27,11.4,2.4,7.92,74,0.0,940.0,936.0,0,0.29,0.0,08:29:00,18:25:00,09:56:00,0.29,0.17,0.18,0.51,0.07,0.07,0.29,0.02,137,85,114,64,107,34,62,18.0,2,0,358,183,82.0,623.0,1.8,18.6,0.69,0.25,0.698,0.3,0.355,24.293000000000003
27,2019-01-28,13.0,3.7,14.04,74,0.0,940.7,935.7,2,0.1,0.0,08:28:00,18:26:00,09:58:00,0.28,0.17,0.2,0.48,0.08,0.09,0.22,0.03,139,98,123,57,83,43,50,6.5,83,12,345,198,139.5,682.5,3.2,19.3,0.94,0.52,1.409,1.5,0.357,28.776
28,2019-01-29,10.2,4.8,10.08,74,Ip,939.8,932.9,0,0.3,0.0,08:28:00,18:28:00,10:00:00,0.32,0.18,0.3,0.55,0.07,0.07,0.27,0.03,142,76,128,56,99,32,62,18.0,86,0,369,164,166.0,699.0,1.3,18.4,0.75,0.5,0.465,1.6,0.402,25.207
29,2019-01-30,10.1,3.7,11.88,71,4.1,936.1,928.3,0,0.21,0.0,08:27:00,18:29:00,10:02:00,0.22,0.19,0.22,0.54,0.07,0.06,0.19,0.03,173,66,115,67,110,37,42,14.0,106,0,398,170,162.0,730.0,0.5,18.1,0.53,0.49,1.236,1.8,0.327,24.503000000000004
30,2019-01-31,12.3,6.1,19.08,74,8.2,928.8,921.8,0,0.32,0.0,08:26:00,18:30:00,10:04:00,0.28,0.24,0.18,0.6,0.06,0.08,0.18,0.03,107,56,139,57,96,39,0,14.0,107,12,342,152,121.0,615.0,2.0,21.1,0.8,0.05,1.219,0.1,0.349,27.268000000000004
31,2019-02-01,9.4,3.5,14.04,67,1.0,922.0,916.0,0,0.16,0.0,08:25:00,18:31:00,10:06:00,0.29,0.23,0.2,0.6,0.08,0.08,0.23,0.03,197,50,133,64,99,46,42,0.0,62,0,429,160,104.0,693.0,0.4,18.4,0.88,0.24,0.111,0.3,0.214,22.284999999999997
32,2019-02-02,7.6,1.6,14.04,67,0.0,940.1,920.7,2,0.07,0.0,08:24:00,18:32:00,10:08:00,0.21,0.24,0.24,0.47,0.07,0.06,0.24,0.03,139,78,114,66,112,27,0,10.0,62,0,365,171,72.0,608.0,2.3,19.8,0.52,0.4,1.549,0.4,0.163,26.691999999999997
33,2019-02-03,7.8,-0.4,5.04,66,0.0,949.8,941.3,0,0.17,0.0,08:23:00,18:34:00,10:10:00,0.21,0.23,0.2,0.46,0.07,0.07,0.2,0.02,125,70,126,63,75,59,0,0.0,116,24,326,192,116.0,634.0,0.4,19.9,0.69,0.42,1.304,1.3,0.421,25.895
34,2019-02-04,10.8,-1.8,2.88,66,0.0,951.0,949.0,0,0.12,0.0,08:22:00,18:35:00,10:13:00,0.29,0.23,0.21,0.43,0.09,0.06,0.29,0.02,120,78,128,65,65,44,42,10.0,111,12,313,187,163.0,663.0,3.4,18.9,0.25,0.23,0.093,2.2,0.182,26.874999999999996
35,2019-02-05,14.4,1.7,2.88,65,0.0,951.6,948.8,0,0.25,0.0,08:21:00,18:36:00,10:15:00,0.19,0.15,0.22,0.49,0.06,0.09,0.3,0.02,190,96,132,68,51,30,0,6.5,53,0,373,194,59.5,626.5,1.3,19.9,0.54,0.68,0.756,2.2,0.431,27.326999999999998
36,2019-02-06,14.8,4.2,6.12,65,0.0,949.5,945.0,1,0.25,0.0,08:20:00,18:37:00,10:17:00,0.29,0.24,0.22,0.5,0.08,0.08,0.26,0.02,108,67,117,59,118,26,0,14.0,85,0,343,152,99.0,594.0,4.7,18.4,0.58,0.57,0.567,1.0,0.003,27.509999999999998
37,2019-02-07,14.7,3.4,2.88,67,0.0,946.0,942.3,0,0.2,0.0,08:19:00,18:39:00,10:19:00,0.28,0.16,0.22,0.46,0.09,0.08,0.26,0.02,197,90,121,66,59,49,0,18.0,86,24,377,205,104.0,686.0,1.6,21.9,0.41,0.25,1.187,1.0,0.339,28.256
38,2019-02-08,14.2,2.4,3.96,65,0.0,945.5,942.7,0,0.13,0.0,08:18:00,18:40:00,10:22:00,0.2,0.23,0.26,0.53,0.08,0.07,0.3,0.03,168,93,123,59,51,33,0,14.0,29,24,342,185,43.0,570.0,2.9,18.5,0.79,0.01,1.508,1.2,0.077,26.685000000000002
39,2019-02-09,11.6,2.4,3.96,66,0.0,946.0,943.0,0,0.11,0.0,08:16:00,18:41:00,10:24:00,0.19,0.19,0.3,0.56,0.08,0.07,0.29,0.03,164,74,131,61,48,29,0,0.0,43,12,343,164,43.0,550.0,1.1,19.6,0.45,0.66,0.25,2.1,0.32,26.190000000000005
40,2019-02-10,11.2,4.1,9.0,65,0.0,946.0,943.0,1,0.23,0.0,08:15:00,18:42:00,10:26:00,0.23,0.18,0.28,0.62,0.06,0.07,0.18,0.03,177,55,124,62,104,31,50,14.0,72,0,405,148,136.0,689.0,0.6,21.0,0.54,0.67,1.315,2.3,0.034,28.109
41,2019-02-11,12.9,5.7,6.12,65,0.0,952.0,945.5,0,0.18,0.0,08:14:00,18:43:00,10:29:00,0.29,0.16,0.26,0.59,0.06,0.07,0.18,0.03,195,73,113,64,64,31,62,18.0,65,0,372,168,145.0,685.0,4.1,21.8,0.8,0.46,1.253,1.7,0.227,31.98
42,2019-02-12,12.8,2.5,2.88,67,0.0,953.8,951.1,2,0.28,0.0,08:13:00,18:45:00,10:31:00,0.25,0.18,0.18,0.49,0.08,0.07,0.23,0.03,113,58,133,58,50,49,50,6.5,80,0,296,165,136.5,597.5,0.9,21.0,0.86,0.56,0.14,1.3,0.041,26.311
43,2019-02-13,14.6,3.6,2.88,66,0.0,952.6,949.9,0,0.32,0.0,08:12:00,18:46:00,10:34:00,0.27,0.16,0.19,0.41,0.07,0.06,0.26,0.02,197,93,115,62,51,54,0,6.5,99,0,363,209,105.5,677.5,0.0,21.2,0.2,0.24,1.037,1.8,0.482,26.398999999999997
44,2019-02-14,13.0,2.7,2.88,65,0.0,953.7,949.9,0,0.22,0.0,08:10:00,18:47:00,10:36:00,0.31,0.14,0.28,0.42,0.07,0.09,0.26,0.03,100,78,127,64,86,30,50,10.0,25,0,313,172,85.0,570.0,2.7,20.6,0.65,0.09,0.331,1.4,0.462,27.833
45,2019-02-15,14.6,2.9,2.88,67,0.0,950.4,947.0,0,0.15,0.0,08:09:00,18:48:00,10:39:00,0.3,0.21,0.22,0.58,0.08,0.09,0.28,0.02,161,73,131,58,109,47,50,0.0,111,0,401,178,161.0,740.0,3.4,19.4,0.98,0.4,1.36,1.8,0.084,29.203999999999997
46,2019-02-16,16.2,5.9,10.08,65,0.0,949.2,946.0,0,0.18,0.0,08:08:00,18:49:00,10:41:00,0.28,0.23,0.23,0.41,0.06,0.09,0.23,0.03,162,99,133,60,71,51,62,14.0,2,24,366,210,78.0,654.0,0.7,18.6,0.17,0.32,1.103,1.4,0.465,24.318
47,2019-02-17,14.9,4.1,6.12,67,0.0,948.3,940.4,0,0.32,0.0,08:07:00,18:51:00,10:44:00,0.32,0.19,0.2,0.41,0.06,0.09,0.22,0.02,114,67,127,60,79,57,62,18.0,71,0,320,184,151.0,655.0,1.6,21.5,0.06,0.6,1.403,0.0,0.205,26.877999999999997
48,2019-02-18,13.9,3.9,3.96,67,0.0,942.9,939.5,0,0.34,0.0,08:05:00,18:52:00,10:46:00,0.25,0.15,0.24,0.51,0.08,0.07,0.2,0.02,129,98,122,68,74,54,0,10.0,84,24,325,220,94.0,639.0,0.1,20.6,0.2,0.22,0.54,0.6,0.061,23.841
49,2019-02-19,14.0,5.4,2.88,66,0.0,942.9,940.5,0,0.33,0.0,08:04:00,18:53:00,10:49:00,0.28,0.17,0.24,0.55,0.06,0.07,0.3,0.03,131,64,125,68,92,38,50,18.0,99,24,348,170,167.0,685.0,4.0,19.0,0.3,0.36,0.517,0.1,0.334,26.311
50,2019-02-20,14.4,3.8,2.16,65,0.0,947.2,942.8,0,0.23,0.0,08:03:00,18:54:00,10:51:00,0.22,0.14,0.23,0.54,0.07,0.08,0.27,0.03,138,51,136,57,74,31,50,14.0,26,24,348,139,90.0,577.0,0.9,19.4,0.22,0.42,0.346,2.2,0.311,25.377
51,2019-02-21,16.2,5.2,2.88,66,0.0,953.0,946.8,0,0.31,0.0,08:01:00,18:55:00,10:54:00,0.22,0.21,0.26,0.56,0.08,0.08,0.23,0.02,110,58,133,67,110,55,0,10.0,66,12,353,180,76.0,609.0,0.7,18.7,0.9,0.16,0.58,1.0,0.307,24.006999999999994
52,2019-02-22,18.0,4.8,2.88,66,0.0,953.7,949.7,0,0.2,0.0,08:00:00,18:56:00,10:56:00,0.22,0.14,0.19,0.56,0.09,0.06,0.2,0.03,123,54,116,66,108,36,42,10.0,50,24,347,156,102.0,605.0,0.4,21.3,0.4,0.32,0.878,2.1,0.176,27.064
53,2019-02-23,18.1,3.3,2.16,67,0.0,952.3,948.7,0,0.34,0.0,07:58:00,18:58:00,10:59:00,0.2,0.15,0.26,0.56,0.09,0.06,0.26,0.02,134,91,121,63,50,57,0,6.5,115,0,305,211,121.5,637.5,1.7,19.9,0.96,0.24,0.988,0.7,0.012,26.099999999999998
54,2019-02-24,18.7,7.9,2.88,66,0.0,954.1,949.9,0,0.23,0.0,07:57:00,18:59:00,11:01:00,0.32,0.21,0.24,0.37,0.08,0.09,0.2,0.02,102,93,139,66,76,51,0,6.5,5,24,317,210,11.5,538.5,0.8,20.8,0.62,0.04,1.12,1.6,0.059,26.569000000000006
55,2019-02-25,18.2,6.0,2.88,66,0.0,954.5,948.9,1,0.24,0.0,07:55:00,19:00:00,11:04:00,0.27,0.14,0.24,0.52,0.09,0.06,0.28,0.03,170,91,128,61,102,39,50,0.0,112,0,400,191,162.0,753.0,2.3,18.3,0.67,0.58,0.376,1.5,0.442,25.798000000000002
56,2019-02-26,19.8,7.1,6.12,67,0.0,952.0,950.0,2,0.27,0.0,07:54:00,19:01:00,11:07:00,0.3,0.21,0.26,0.48,0.07,0.09,0.22,0.02,104,80,131,61,115,56,62,18.0,75,24,350,197,155.0,702.0,3.0,21.5,0.59,0.17,1.097,1.3,0.233,29.540000000000003
57,2019-02-27,19.8,6.8,5.04,67,0.0,951.2,948.6,0,0.22,0.0,07:53:00,19:02:00,11:09:00,0.23,0.2,0.29,0.57,0.07,0.06,0.27,0.02,120,94,118,66,89,36,0,14.0,74,12,327,196,88.0,611.0,2.0,20.4,0.73,0.07,0.051,1.0,0.174,26.134999999999998
58,2019-02-28,18.6,5.7,2.88,66,0.0,951.5,947.5,0,0.13,0.0,07:51:00,19:03:00,11:12:00,0.3,0.2,0.3,0.61,0.08,0.09,0.28,0.02,167,99,116,65,106,40,42,6.5,22,0,389,204,70.5,663.5,1.3,21.5,0.45,0.35,0.407,0.2,0.226,26.313
59,2019-03-01,19.4,6.4,6.12,55,0.0,946.8,944.1,0,0.16,0.0,07:50:00,19:04:00,11:14:00,0.28,0.2,0.18,0.43,0.06,0.06,0.19,0.03,195,96,137,62,110,29,50,14.0,7,12,442,187,71.0,700.0,1.9,18.2,0.92,0.3,0.258,0.0,0.089,23.097
60,2019-03-02,19.6,7.7,6.84,56,0.0,948.5,946.0,0,0.14,0.0,07:48:00,19:06:00,11:17:00,0.24,0.18,0.26,0.56,0.07,0.06,0.24,0.03,113,79,129,64,103,40,50,18.0,84,12,345,183,152.0,680.0,0.0,21.5,0.12,0.61,0.081,0.5,0.003,24.454
61,2019-03-03,20.2,6.1,6.84,57,0.0,946.5,941.6,0,0.42,0.0,07:47:00,19:07:00,11:20:00,0.28,0.22,0.3,0.48,0.06,0.08,0.19,0.02,133,94,133,59,84,48,50,18.0,24,24,350,201,92.0,643.0,1.9,21.0,0.08,0.46,1.425,0.9,0.229,27.624
62,2019-03-04,15.5,8.7,12.96,58,0.0,942.4,940.5,0,0.13,0.0,07:45:00,19:08:00,11:22:00,0.22,0.2,0.28,0.47,0.08,0.07,0.27,0.02,180,77,135,69,89,26,62,18.0,69,12,404,172,149.0,725.0,3.4,20.3,0.78,0.12,0.88,2.2,0.314,29.604000000000003
63,2019-03-05,14.9,8.3,11.88,58,0.0,941.3,934.5,2,0.13,0.0,07:43:00,19:09:00,11:25:00,0.23,0.19,0.21,0.59,0.06,0.06,0.19,0.02,131,70,121,63,86,41,62,14.0,66,24,338,174,142.0,654.0,0.1,20.1,0.78,0.7,1.218,2.2,0.37,27.018
64,2019-03-06,13.1,6.3,15.12,55,8.2,935.8,926.7,0,0.17,0.0,07:42:00,19:10:00,11:28:00,0.23,0.19,0.19,0.4,0.07,0.06,0.27,0.02,164,76,134,64,66,52,50,0.0,119,24,364,192,169.0,725.0,0.5,19.0,0.77,0.41,1.027,0.8,0.046,23.983
65,2019-03-07,12.1,3.2,9.0,56,0.0,940.3,935.8,0,0.21,0.0,07:40:00,19:11:00,11:30:00,0.21,0.24,0.23,0.59,0.08,0.08,0.18,0.03,163,96,125,66,53,35,62,6.5,94,0,341,197,162.5,700.5,1.9,20.9,0.73,0.57,1.433,1.7,0.175,29.048
66,2019-03-08,14.9,5.3,2.88,57,0.0,950.0,940.0,1,0.18,0.0,07:39:00,19:12:00,11:33:00,0.27,0.24,0.26,0.59,0.07,0.09,0.25,0.03,125,68,133,57,53,24,42,14.0,95,12,311,149,151.0,611.0,0.9,20.8,0.11,0.78,1.432,0.1,0.473,26.395
67,2019-03-09,18.0,5.0,2.16,57,0.0,954.8,950.7,1,0.17,0.0,07:37:00,19:13:00,11:36:00,0.32,0.18,0.26,0.45,0.06,0.09,0.23,0.03,133,51,117,69,108,37,0,10.0,3,24,358,157,13.0,528.0,1.5,18.1,0.88,0.23,0.146,1.6,0.452,24.528000000000006
68,2019-03-10,22.4,7.2,6.12,56,0.0,953.1,948.7,2,0.29,0.0,07:36:00,19:14:00,11:38:00,0.32,0.23,0.24,0.4,0.09,0.09,0.3,0.02,126,82,116,59,74,45,0,6.5,83,0,316,186,89.5,591.5,4.7,19.0,0.16,0.02,0.195,1.6,0.479,27.844
69,2019-03-11,19.2,9.9,7.92,55,0.0,952.2,949.8,0,0.19,0.0,07:34:00,19:15:00,11:41:00,0.28,0.23,0.18,0.58,0.06,0.07,0.19,0.03,194,71,118,69,64,56,50,18.0,112,12,376,196,180.0,752.0,0.8,18.6,0.33,0.03,0.993,0.8,0.412,23.585
70,2019-03-12,21.2,7.1,10.08,57,0.0,951.0,944.9,0,0.46,0.0,07:32:00,19:16:00,11:44:00,0.2,0.18,0.25,0.45,0.09,0.06,0.29,0.03,144,80,136,56,77,47,62,0.0,92,12,357,183,154.0,694.0,2.7,20.1,0.35,0.67,0.369,0.8,0.02,26.559000000000005
71,2019-03-13,14.4,8.1,11.88,55,0.0,951.8,944.6,0,0.33,0.0,07:31:00,19:18:00,11:46:00,0.32,0.2,0.18,0.52,0.08,0.06,0.23,0.02,145,89,132,61,117,32,0,14.0,6,12,394,182,20.0,596.0,4.0,19.3,0.91,0.6,0.519,2.2,0.398,29.537
72,2019-03-14,17.1,3.6,3.96,58,0.0,952.7,948.4,0,0.31,0.0,07:29:00,19:19:00,11:49:00,0.32,0.19,0.18,0.45,0.08,0.09,0.28,0.03,124,54,121,64,108,40,62,6.5,103,12,353,158,171.5,682.5,4.1,19.1,0.57,0.77,1.006,0.2,0.356,27.722
73,2019-03-15,22.7,5.5,3.96,58,0.0,950.2,946.6,2,0.35,0.0,07:28:00,19:20:00,11:52:00,0.22,0.14,0.3,0.41,0.08,0.08,0.27,0.02,118,64,122,64,71,25,50,6.5,61,24,311,153,117.5,581.5,1.4,18.5,0.91,0.57,0.903,1.7,0.044,25.547
74,2019-03-16,23.9,8.4,6.84,55,0.0,947.2,940.1,2,0.49,0.0,07:26:00,19:21:00,11:54:00,0.2,0.23,0.22,0.38,0.09,0.08,0.28,0.02,131,51,128,66,107,47,62,14.0,102,0,366,164,178.0,708.0,4.6,19.5,0.28,0.77,1.434,0.4,0.429,28.913
75,2019-03-17,19.7,8.1,9.0,55,0.0,943.0,939.5,0,0.31,0.0,07:24:00,19:22:00,11:57:00,0.23,0.15,0.26,0.6,0.08,0.07,0.28,0.02,130,56,139,61,107,25,62,14.0,76,12,376,142,152.0,670.0,1.2,21.7,0.85,0.74,0.564,0.7,0.004,27.448
76,2019-03-18,15.2,3.8,9.0,57,0.0,947.0,944.8,0,0.27,0.0,07:23:00,19:23:00,12:00:00,0.24,0.17,0.29,0.38,0.07,0.09,0.2,0.03,178,96,133,62,115,27,62,14.0,25,0,426,185,101.0,712.0,4.2,20.0,0.4,0.23,0.629,1.7,0.207,28.836000000000002
77,2019-03-19,15.9,6.1,10.08,57,0.0,948.8,944.9,0,0.16,0.0,07:21:00,19:24:00,12:02:00,0.26,0.15,0.25,0.43,0.07,0.08,0.19,0.03,103,68,115,60,53,40,42,0.0,71,0,271,168,113.0,552.0,0.6,19.3,0.59,0.35,0.149,2.3,0.058,24.807000000000002
78,2019-03-20,14.5,4.4,9.0,57,0.0,949.8,946.3,0,0.29,0.0,07:19:00,19:25:00,12:05:00,0.22,0.16,0.29,0.53,0.06,0.07,0.25,0.02,124,90,114,64,50,46,50,18.0,36,24,288,200,104.0,592.0,2.1,18.6,0.38,0.6,0.274,0.1,0.354,24.008000000000003
79,2019-03-21,14.8,4.2,2.16,57,0.0,950.2,946.5,1,0.13,0.0,07:18:00,19:26:00,12:08:00,0.3,0.17,0.3,0.45,0.09,0.06,0.29,0.03,180,59,129,69,111,54,62,14.0,52,12,420,182,128.0,730.0,4.2,18.3,0.41,0.69,1.27,2.0,0.156,28.716
80,2019-03-22,17.9,4.2,5.04,57,0.0,949.9,946.2,0,0.26,0.0,07:16:00,19:27:00,12:10:00,0.25,0.23,0.21,0.45,0.07,0.09,0.21,0.02,177,71,125,58,85,25,0,0.0,116,0,387,154,116.0,657.0,3.1,19.3,0.2,0.13,1.471,0.0,0.116,25.846999999999998
81,2019-03-23,20.1,7.3,9.0,56,0.0,948.8,943.7,0,0.37,0.0,07:15:00,19:28:00,12:13:00,0.3,0.22,0.21,0.59,0.08,0.07,0.25,0.03,162,72,137,67,59,34,50,10.0,39,0,358,173,99.0,630.0,0.8,21.0,0.0,0.02,1.284,1.9,0.08,26.833999999999996
82,2019-03-24,21.3,9.1,7.92,56,0.0,947.0,942.6,0,0.44,0.0,07:13:00,19:29:00,12:16:00,0.3,0.15,0.26,0.4,0.07,0.08,0.22,0.03,152,86,129,59,65,49,62,6.5,51,12,346,194,119.5,659.5,4.3,18.2,0.84,0.37,0.559,0.0,0.489,26.268
83,2019-03-25,21.5,9.9,9.0,58,0.0,944.8,939.9,0,0.38,0.0,07:11:00,19:30:00,12:18:00,0.23,0.17,0.3,0.43,0.06,0.09,0.19,0.02,110,95,126,57,55,42,42,10.0,51,12,291,194,103.0,588.0,0.3,21.9,0.67,0.12,0.819,1.7,0.41,27.409
84,2019-03-26,20.9,6.0,15.84,56,0.0,944.5,939.1,2,0.44,0.0,07:10:00,19:31:00,12:21:00,0.23,0.14,0.18,0.49,0.08,0.08,0.29,0.02,122,51,138,67,73,24,0,14.0,93,0,333,142,107.0,582.0,3.7,21.8,0.2,0.28,0.576,1.1,0.358,29.524000000000004
85,2019-03-27,18.1,4.8,2.16,56,0.0,947.3,943.4,2,0.21,0.0,07:08:00,19:32:00,12:24:00,0.26,0.17,0.28,0.51,0.09,0.09,0.28,0.03,193,73,135,56,110,37,42,6.5,30,12,438,166,78.5,682.5,4.7,19.3,0.26,0.18,1.189,1.2,0.489,29.028000000000002
86,2019-03-28,18.4,6.1,5.04,55,0.0,949.0,944.5,0,0.17,0.0,07:06:00,19:33:00,12:26:00,0.25,0.21,0.26,0.46,0.08,0.07,0.28,0.02,148,95,129,68,115,32,62,14.0,119,12,392,195,195.0,782.0,0.1,18.6,0.52,0.75,0.594,0.2,0.463,22.857000000000003
87,2019-03-29,18.3,6.7,10.08,58,0.0,947.2,942.7,0,0.23,0.0,07:05:00,19:34:00,12:29:00,0.22,0.16,0.24,0.41,0.09,0.09,0.2,0.03,114,57,126,60,83,29,42,6.5,119,24,323,146,167.5,636.5,4.2,20.5,0.14,0.51,0.999,0.5,0.169,28.458000000000002
88,2019-03-30,18.2,6.4,5.04,58,0.0,944.8,938.9,2,0.28,0.0,07:03:00,19:35:00,12:32:00,0.28,0.24,0.25,0.49,0.09,0.09,0.26,0.02,165,54,125,60,102,49,0,10.0,0,12,392,163,10.0,565.0,1.3,18.8,0.51,0.11,1.3,1.0,0.202,24.942000000000004
89,2019-03-31,12.3,9.0,5.04,56,1.6,939.3,935.6,0,0.25,0.0,08:01:00,20:36:00,12:34:00,0.29,0.17,0.29,0.55,0.09,0.06,0.26,0.02,191,62,123,62,55,50,62,0.0,43,12,369,174,105.0,648.0,0.9,18.4,0.66,0.23,0.208,0.0,0.316,22.443999999999996
90,2019-04-01,17.0,8.5,5.04,56,0.0,938.3,935.6,0,0.26,0.0,08:00:00,20:37:00,12:37:00,0.32,0.2,0.22,0.58,0.09,0.07,0.24,0.03,128,74,118,56,74,57,62,10.0,39,24,320,187,111.0,618.0,0.7,21.7,0.48,0.77,1.152,1.7,0.257,28.509
91,2019-04-02,17.4,7.4,2.88,57,2.0,938.0,933.8,0,0.1,0.0,07:58:00,20:38:00,12:40:00,0.24,0.14,0.27,0.43,0.07,0.07,0.23,0.03,117,61,130,57,51,51,0,18.0,100,24,298,169,118.0,585.0,4.7,19.1,0.21,0.3,1.171,1.5,0.39,28.851000000000003
92,2019-04-03,14.5,6.6,11.16,56,0.0,933.9,927.4,0,0.32,0.0,07:57:00,20:39:00,12:42:00,0.28,0.24,0.21,0.39,0.08,0.08,0.23,0.03,130,99,119,58,75,55,50,18.0,37,12,324,212,105.0,641.0,0.7,21.1,0.82,0.64,1.157,1.9,0.486,28.343000000000004
93,2019-04-04,14.1,1.9,6.12,56,1.3,928.7,923.4,1,0.13,0.0,07:55:00,20:41:00,12:45:00,0.28,0.14,0.22,0.38,0.08,0.06,0.2,0.03,145,79,125,59,62,57,42,10.0,63,0,332,195,115.0,642.0,2.2,19.0,0.14,0.48,1.226,0.4,0.009,24.845
94,2019-04-05,11.0,3.9,7.92,57,2.7,925.7,920.7,1,0.1,0.0,07:53:00,20:42:00,12:48:00,0.32,0.14,0.19,0.47,0.06,0.09,0.28,0.02,152,80,133,64,80,35,62,14.0,0,0,365,179,76.0,620.0,4.3,18.5,0.69,0.42,1.074,0.5,0.31,27.364000000000004
95,2019-04-06,11.7,2.2,12.96,57,3.5,929.6,923.6,2,0.17,0.0,07:52:00,20:43:00,12:50:00,0.26,0.18,0.27,0.45,0.09,0.06,0.27,0.03,166,80,116,62,68,31,0,6.5,1,24,350,173,7.5,530.5,2.2,20.6,0.81,0.5,0.715,1.7,0.075,28.21
96,2019-04-07,13.8,3.7,9.0,57,4.3,936.8,928.0,0,0.25,0.0,07:50:00,20:44:00,12:53:00,0.2,0.18,0.29,0.37,0.08,0.08,0.2,0.03,192,59,126,65,73,29,42,0.0,113,24,391,153,155.0,699.0,0.2,19.2,0.87,0.27,1.537,1.1,0.395,25.002
97,2019-04-08,16.8,7.4,10.08,56,0.2,936.2,933.6,0,0.31,0.0,07:49:00,20:45:00,12:56:00,0.31,0.21,0.26,0.6,0.07,0.06,0.24,0.03,188,85,125,58,108,36,62,14.0,65,24,421,179,141.0,741.0,3.6,21.3,0.31,0.05,1.108,1.6,0.307,30.055
98,2019-04-09,13.4,5.2,14.04,57,0.8,937.1,934.2,0,0.32,0.0,07:47:00,20:46:00,12:58:00,0.26,0.21,0.3,0.4,0.07,0.08,0.19,0.02,166,52,115,62,70,38,50,10.0,50,12,351,152,110.0,613.0,1.9,21.1,0.72,0.04,0.129,2.0,0.182,27.601
99,2019-04-10,15.5,6.0,9.0,56,0.0,939.7,935.6,1,0.2,0.0,07:45:00,20:47:00,13:01:00,0.21,0.19,0.25,0.56,0.07,0.06,0.28,0.03,169,85,138,67,112,52,0,0.0,29,0,419,204,29.0,652.0,0.6,18.8,0.63,0.14,0.616,1.7,0.219,24.355
100,2019-04-11,16.1,4.7,10.08,56,0.0,941.8,939.7,1,0.12,0.0,07:44:00,20:48:00,13:03:00,0.25,0.21,0.3,0.39,0.06,0.08,0.2,0.02,149,65,137,57,105,54,42,18.0,11,0,391,176,71.0,638.0,1.0,20.0,0.18,0.21,0.298,1.0,0.372,24.569999999999997
101,2019-04-12,19.1,3.8,2.88,56,0.0,942.2,938.7,2,0.3,0.0,07:42:00,20:49:00,13:06:00,0.21,0.19,0.24,0.59,0.08,0.06,0.19,0.03,185,90,118,67,66,41,50,0.0,67,12,369,198,117.0,684.0,1.1,20.6,0.81,0.71,0.561,1.6,0.283,27.254000000000005
102,2019-04-13,21.5,5.9,2.88,56,0.0,942.6,939.3,0,0.33,0.0,07:41:00,20:50:00,13:09:00,0.31,0.14,0.25,0.6,0.09,0.08,0.23,0.02,143,55,124,58,72,37,50,14.0,20,24,339,150,84.0,573.0,3.9,18.8,0.78,0.15,0.647,1.5,0.386,27.883
103,2019-04-14,23.6,9.6,5.04,57,0.0,940.6,936.7,2,0.29,0.0,07:39:00,20:51:00,13:11:00,0.27,0.23,0.22,0.41,0.07,0.06,0.27,0.02,142,82,116,66,114,44,62,10.0,25,12,372,192,97.0,661.0,4.4,19.9,0.49,0.09,0.734,0.2,0.366,27.729999999999993
104,2019-04-15,24.6,12.3,11.88,57,0.0,939.2,933.4,1,0.49,0.0,07:38:00,20:52:00,13:14:00,0.28,0.18,0.26,0.61,0.09,0.07,0.26,0.03,117,95,112,64,73,28,62,10.0,38,0,302,187,110.0,599.0,0.0,21.0,0.6,0.28,1.369,0.7,0.455,26.184
105,2019-04-16,21.6,7.9,2.88,57,0.0,941.9,937.4,1,0.41,0.0,07:36:00,20:53:00,13:16:00,0.24,0.24,0.25,0.51,0.06,0.08,0.3,0.03,130,88,112,60,70,34,0,6.5,17,24,312,182,23.5,517.5,3.1,21.6,0.56,0.67,0.586,1.8,0.165,30.191000000000003
106,2019-04-17,23.7,10.1,9.0,56,21.6,938.0,932.0,0,0.4,0.0,07:35:00,20:54:00,13:19:00,0.23,0.14,0.29,0.62,0.08,0.06,0.24,0.03,114,55,125,59,67,36,42,10.0,110,0,306,150,162.0,618.0,1.5,18.4,0.33,0.51,0.456,0.9,0.398,24.183999999999997
107,2019-04-18,14.2,9.0,5.04,57,7.7,936.4,933.7,0,0.21,0.0,07:33:00,20:55:00,13:21:00,0.25,0.18,0.21,0.56,0.06,0.09,0.25,0.02,122,74,130,67,118,43,42,14.0,93,24,370,184,149.0,703.0,3.7,19.1,0.69,0.03,0.16,1.9,0.213,27.413000000000004
108,2019-04-19,11.1,8.7,6.84,56,6.8,942.7,935.1,0,0.34,0.0,07:32:00,20:56:00,13:24:00,0.27,0.21,0.24,0.39,0.09,0.09,0.19,0.02,102,58,120,59,51,52,0,6.5,92,12,273,169,98.5,540.5,3.6,20.3,0.39,0.47,0.804,1.8,0.485,29.348999999999997
109,2019-04-20,19.3,9.2,14.04,57,0.3,941.8,938.2,0,0.12,0.0,07:30:00,20:57:00,13:26:00,0.21,0.17,0.2,0.51,0.09,0.07,0.26,0.02,144,55,131,68,97,50,62,10.0,85,12,372,173,157.0,702.0,4.5,20.1,0.98,0.35,1.503,2.1,0.203,31.266000000000005
110,2019-04-21,12.7,8.5,12.96,56,0.0,941.0,932.0,0,0.14,0.0,07:29:00,20:58:00,13:29:00,0.29,0.18,0.22,0.41,0.09,0.06,0.2,0.03,181,56,113,66,62,32,42,0.0,104,24,356,154,146.0,656.0,2.6,21.7,0.14,0.33,1.04,1.7,0.166,29.156
111,2019-04-22,18.7,8.3,6.84,57,0.7,927.4,922.2,0,0.23,0.0,07:27:00,20:59:00,13:31:00,0.3,0.23,0.2,0.61,0.09,0.06,0.2,0.02,110,99,113,61,71,34,0,0.0,31,12,294,194,31.0,519.0,1.3,19.6,0.55,0.43,0.244,0.5,0.151,24.485
112,2019-04-23,14.2,5.8,12.96,57,2.8,927.1,920.0,0,0.22,0.0,07:26:00,21:00:00,13:34:00,0.32,0.18,0.29,0.49,0.08,0.09,0.18,0.02,104,82,126,69,81,46,0,18.0,28,24,311,197,46.0,554.0,2.5,18.0,0.31,0.41,0.313,0.5,0.117,23.799999999999997
113,2019-04-24,11.1,4.8,11.16,56,28.5,929.8,926.7,0,0.24,0.0,07:25:00,21:01:00,13:36:00,0.28,0.22,0.19,0.36,0.06,0.07,0.28,0.02,112,55,136,64,72,30,42,0.0,102,12,320,149,144.0,613.0,2.4,20.6,0.24,0.63,0.466,1.6,0.06,27.476
114,2019-04-25,13.5,6.4,20.16,57,0.0,941.1,928.6,0,0.17,0.0,07:23:00,21:02:00,13:38:00,0.25,0.22,0.26,0.41,0.06,0.06,0.29,0.03,128,50,124,60,54,41,42,14.0,10,12,306,151,66.0,523.0,0.7,21.5,0.67,0.75,1.1,1.2,0.017,27.517000000000003
115,2019-04-26,17.5,6.7,6.84,56,0.0,947.5,941.8,1,0.18,0.0,07:22:00,21:03:00,13:41:00,0.23,0.15,0.21,0.5,0.09,0.06,0.22,0.03,113,63,126,59,81,36,50,18.0,85,12,320,158,153.0,631.0,1.7,20.6,0.07,0.5,0.645,1.7,0.222,26.927000000000003
116,2019-04-27,21.0,6.3,2.16,57,0.0,949.5,945.6,0,0.25,0.0,07:20:00,21:04:00,13:43:00,0.25,0.14,0.29,0.46,0.07,0.06,0.29,0.03,109,65,115,62,105,32,50,18.0,20,24,329,159,88.0,576.0,3.7,20.7,0.02,0.54,0.079,1.9,0.458,28.986999999999995
117,2019-04-28,24.0,11.2,6.12,57,0.0,946.9,940.8,0,0.3,0.0,07:19:00,21:05:00,13:46:00,0.25,0.24,0.2,0.49,0.06,0.08,0.3,0.03,130,85,127,63,70,40,62,14.0,70,0,327,188,146.0,661.0,1.1,18.5,0.0,0.68,1.012,0.2,0.225,23.367
118,2019-04-29,25.7,12.7,9.0,57,0.0,942.0,938.2,0,0.46,0.0,07:18:00,21:06:00,13:48:00,0.23,0.19,0.28,0.5,0.06,0.08,0.23,0.02,166,50,127,56,106,57,50,0.0,50,24,399,163,100.0,662.0,0.6,18.5,0.59,0.25,0.509,2.2,0.489,24.728
119,2019-04-30,26.0,13.3,6.12,56,0.0,940.2,936.3,0,0.36,0.0,07:17:00,21:07:00,13:50:00,0.22,0.23,0.27,0.55,0.09,0.07,0.24,0.03,102,87,128,57,66,43,42,14.0,92,24,296,187,148.0,631.0,4.2,21.2,0.96,0.62,1.507,1.6,0.327,32.114000000000004
120,2019-05-01,25.9,13.1,6.84,52,0.0,937.4,933.9,0,0.3,0.0,07:15:00,21:08:00,13:53:00,0.24,0.16,0.26,0.36,0.09,0.07,0.25,0.02,102,75,136,67,102,25,0,10.0,113,0,340,167,123.0,630.0,3.2,19.0,0.2,0.71,0.567,0.7,0.452,26.279
121,2019-05-02,25.2,13.0,3.96,54,0.0,937.5,933.0,2,0.33,0.0,07:14:00,21:09:00,13:55:00,0.25,0.17,0.19,0.43,0.06,0.08,0.21,0.03,172,77,128,68,58,49,50,18.0,6,0,358,194,74.0,626.0,1.4,20.0,0.38,0.61,1.511,1.0,0.023,26.343999999999998
122,2019-05-03,21.6,12.2,9.0,52,0.0,937.5,933.4,0,0.46,0.0,07:13:00,21:10:00,13:57:00,0.24,0.23,0.19,0.54,0.09,0.07,0.21,0.03,122,57,126,62,68,42,62,6.5,107,12,316,161,175.5,652.5,4.0,20.9,0.19,0.06,0.615,0.6,0.264,28.229
123,2019-05-04,22.2,6.8,5.04,54,0.0,938.3,935.7,0,0.25,0.0,07:12:00,21:11:00,13:59:00,0.26,0.16,0.23,0.41,0.08,0.06,0.22,0.03,196,95,134,56,110,36,50,14.0,86,24,440,187,150.0,777.0,2.9,19.9,0.61,0.53,0.121,2.0,0.129,27.64
124,2019-05-05,22.5,8.2,6.84,52,0.0,940.0,937.5,0,0.36,0.0,07:10:00,21:12:00,14:02:00,0.22,0.18,0.22,0.59,0.07,0.06,0.28,0.03,159,88,125,58,72,48,62,0.0,103,12,356,194,165.0,715.0,2.0,20.1,0.51,0.35,0.865,0.0,0.342,25.817
125,2019-05-06,24.7,8.5,6.84,52,0.0,941.6,938.8,0,0.45,0.0,07:09:00,21:13:00,14:04:00,0.28,0.18,0.24,0.47,0.09,0.07,0.19,0.02,180,91,116,59,71,27,62,10.0,78,12,367,177,150.0,694.0,2.7,19.3,0.26,0.29,0.283,1.0,0.176,25.549
126,2019-05-07,22.9,11.9,11.16,54,0.0,940.5,937.4,0,0.44,0.0,07:08:00,21:14:00,14:06:00,0.2,0.17,0.29,0.37,0.09,0.09,0.29,0.02,129,57,129,64,67,40,62,10.0,109,0,325,161,181.0,667.0,4.2,19.0,0.92,0.49,0.886,1.2,0.178,28.394
127,2019-05-08,19.3,14.3,19.08,54,0.0,936.6,933.0,0,0.32,0.0,07:07:00,21:15:00,14:08:00,0.22,0.16,0.24,0.61,0.07,0.09,0.24,0.02,109,56,117,66,80,33,62,10.0,72,0,306,155,144.0,605.0,2.6,18.5,0.75,0.55,0.139,0.8,0.376,25.365000000000002
128,2019-05-09,22.6,9.7,11.88,52,0.0,938.1,935.3,2,0.44,0.0,07:06:00,21:16:00,14:10:00,0.3,0.24,0.3,0.6,0.06,0.08,0.27,0.02,139,97,132,58,97,39,42,14.0,27,24,368,194,83.0,645.0,0.0,18.6,0.59,0.17,0.928,1.8,0.387,24.345000000000006
129,2019-05-10,24.7,14.8,9.0,53,0.0,940.7,937.2,0,0.47,0.0,07:05:00,21:17:00,14:12:00,0.21,0.23,0.27,0.46,0.07,0.07,0.3,0.02,171,69,121,69,49,26,62,6.5,4,12,341,164,72.5,577.5,0.1,20.3,0.94,0.04,1.17,1.7,0.211,26.090999999999998
130,2019-05-11,27.4,12.8,7.92,54,0.0,944.5,941.0,0,0.3,0.0,07:04:00,21:18:00,14:14:00,0.32,0.18,0.24,0.53,0.07,0.06,0.19,0.03,196,66,119,59,87,58,50,6.5,92,12,402,183,148.5,733.5,0.7,20.9,0.54,0.31,1.214,1.3,0.389,26.972999999999995
131,2019-05-12,26.8,10.1,6.12,53,0.0,948.5,943.5,0,0.48,0.0,07:03:00,21:19:00,14:16:00,0.3,0.22,0.22,0.61,0.07,0.07,0.3,0.02,137,72,137,67,51,29,62,10.0,60,24,325,168,132.0,625.0,2.5,18.9,0.16,0.24,1.088,0.8,0.289,25.787000000000003
132,2019-05-13,30.2,13.1,6.12,53,0.0,944.1,938.8,1,0.56,0.0,07:02:00,21:20:00,14:18:00,0.3,0.23,0.19,0.4,0.06,0.06,0.18,0.03,112,53,127,65,76,26,0,14.0,113,0,315,144,127.0,586.0,2.7,20.1,0.14,0.55,1.518,0.9,0.132,27.490000000000002
133,2019-05-14,28.6,13.1,5.04,54,0.0,942.4,936.8,0,0.46,0.0,07:01:00,21:21:00,14:20:00,0.21,0.2,0.22,0.45,0.07,0.08,0.19,0.03,182,69,115,64,66,31,42,14.0,80,12,363,164,136.0,663.0,0.3,21.9,0.78,0.39,1.49,1.1,0.399,27.809
134,2019-05-15,33.3,13.9,3.96,53,0.0,937.0,933.0,0,0.55,0.0,07:00:00,21:22:00,14:22:00,0.3,0.15,0.18,0.37,0.09,0.08,0.24,0.02,157,99,137,57,118,55,62,0.0,81,12,412,211,143.0,766.0,2.8,20.3,0.24,0.44,1.355,1.8,0.063,28.428
135,2019-05-16,29.9,12.4,10.08,52,0.1,935.2,927.1,2,0.41,0.0,06:59:00,21:23:00,14:24:00,0.26,0.14,0.26,0.46,0.09,0.08,0.28,0.02,162,65,128,67,87,59,0,18.0,75,12,377,191,93.0,661.0,0.0,20.4,0.85,0.26,1.009,2.1,0.09,26.299000000000003
136,2019-05-17,18.4,9.9,11.88,54,0.0,934.0,930.0,1,0.17,0.0,06:58:00,21:24:00,14:26:00,0.21,0.23,0.26,0.61,0.08,0.09,0.28,0.03,141,54,123,59,95,54,42,0.0,119,0,359,167,161.0,687.0,2.2,20.5,0.56,0.7,0.522,0.5,0.247,27.019
137,2019-05-18,18.5,8.1,7.92,53,0.0,933.1,932.1,0,0.17,0.0,06:57:00,21:25:00,14:28:00,0.23,0.14,0.2,0.51,0.08,0.08,0.24,0.02,102,60,139,67,68,27,50,10.0,85,24,309,154,145.0,608.0,3.2,19.1,0.97,0.25,1.258,0.8,0.212,27.29
138,2019-05-19,20.5,10.0,5.04,53,0.0,935.8,933.4,0,0.26,0.0,06:56:00,21:26:00,14:30:00,0.19,0.17,0.18,0.55,0.06,0.09,0.2,0.03,196,59,131,61,77,49,42,0.0,19,24,404,169,61.0,634.0,1.9,21.6,0.54,0.69,1.14,0.6,0.413,28.353000000000005
139,2019-05-20,21.5,9.2,6.84,52,0.0,936.5,934.9,1,0.46,0.0,06:55:00,21:27:00,14:31:00,0.23,0.21,0.21,0.54,0.09,0.06,0.21,0.03,153,74,124,60,91,32,50,14.0,68,12,368,166,132.0,666.0,2.0,21.4,0.93,0.69,0.372,2.3,0.345,29.616999999999997
140,2019-05-21,25.8,13.1,9.0,53,0.0,939.5,935.5,0,0.44,0.0,06:54:00,21:28:00,14:33:00,0.32,0.24,0.26,0.48,0.09,0.09,0.3,0.02,183,54,133,63,103,56,0,10.0,57,12,419,173,67.0,659.0,2.9,21.5,0.79,0.0,0.067,0.7,0.097,27.854
141,2019-05-22,28.1,13.2,3.96,54,0.0,941.0,938.5,0,0.27,0.0,06:54:00,21:29:00,14:35:00,0.21,0.18,0.3,0.36,0.08,0.09,0.27,0.02,174,57,118,69,109,46,42,6.5,115,0,401,172,163.5,736.5,2.3,19.2,0.9,0.15,1.05,1.2,0.186,26.495999999999995
142,2019-05-23,28.3,15.0,9.0,53,0.0,940.5,936.7,0,0.3,0.0,06:53:00,21:30:00,14:36:00,0.23,0.16,0.24,0.37,0.06,0.09,0.23,0.02,121,97,113,59,97,29,0,6.5,88,24,331,185,94.5,610.5,2.3,18.3,0.3,0.05,1.061,0.9,0.067,24.378
143,2019-05-24,25.1,15.4,15.84,54,0.0,941.0,936.2,1,0.37,0.0,06:52:00,21:31:00,14:38:00,0.21,0.15,0.2,0.49,0.06,0.08,0.25,0.02,151,85,119,61,111,39,42,18.0,33,24,381,185,93.0,659.0,2.9,21.4,0.76,0.56,1.152,2.1,0.419,30.751
144,2019-05-25,25.2,11.7,12.96,54,0.0,942.6,940.2,0,0.33,0.0,06:52:00,21:31:00,14:39:00,0.32,0.23,0.3,0.52,0.06,0.09,0.19,0.02,129,75,135,59,92,42,50,10.0,51,12,356,176,111.0,643.0,1.3,19.4,0.79,0.41,1.5,1.5,0.075,26.705
145,2019-05-26,27.3,10.8,6.12,54,0.0,942.9,938.0,0,0.44,0.0,06:51:00,21:32:00,14:41:00,0.25,0.2,0.19,0.49,0.07,0.06,0.19,0.03,169,66,113,64,59,30,50,10.0,8,12,341,160,68.0,569.0,4.5,20.7,0.69,0.57,0.887,1.2,0.379,30.406000000000002
146,2019-05-27,29.2,14.2,5.04,53,0.0,938.5,934.9,1,0.49,0.0,06:50:00,21:33:00,14:42:00,0.27,0.22,0.29,0.57,0.07,0.08,0.26,0.02,125,80,126,62,66,42,0,18.0,108,0,317,184,126.0,627.0,3.5,18.8,0.76,0.09,1.517,0.0,0.209,26.656000000000002
147,2019-05-28,26.9,12.8,9.0,52,0.0,942.8,937.0,2,0.43,0.0,06:50:00,21:34:00,14:44:00,0.2,0.22,0.27,0.48,0.09,0.07,0.23,0.02,142,56,121,59,91,47,0,14.0,95,0,354,162,109.0,625.0,2.4,21.4,0.88,0.78,1.026,2.1,0.437,30.603
148,2019-05-29,26.5,10.4,7.92,53,0.0,946.6,943.4,0,0.45,0.0,06:49:00,21:35:00,14:45:00,0.23,0.23,0.2,0.45,0.08,0.09,0.28,0.03,109,52,117,64,107,50,62,18.0,49,24,333,166,129.0,628.0,3.3,18.1,0.66,0.11,0.186,1.5,0.391,25.837000000000003
149,2019-05-30,30.1,13.3,6.12,52,0.0,947.4,943.8,2,0.53,0.0,06:49:00,21:35:00,14:46:00,0.26,0.19,0.23,0.54,0.09,0.07,0.28,0.03,102,65,124,58,51,49,0,0.0,17,24,277,172,17.0,466.0,4.0,19.5,0.45,0.21,0.354,0.2,0.012,26.416
150,2019-05-31,31.6,16.7,6.12,53,0.0,946.7,942.2,0,0.42,0.0,06:48:00,21:36:00,14:48:00,0.22,0.2,0.19,0.5,0.06,0.09,0.27,0.02,143,58,123,62,66,38,42,6.5,7,0,332,158,55.5,545.5,0.7,18.1,0.53,0.4,0.307,1.2,0.446,23.233
151,2019-06-01,33.1,17.1,6.12,44,0.0,945.0,939.2,1,0.58,0.0,06:48:00,21:37:00,14:49:00,0.29,0.16,0.28,0.52,0.09,0.09,0.23,0.03,189,92,138,69,86,55,62,6.5,69,0,413,216,137.5,766.5,2.0,18.4,0.0,0.67,1.264,0.0,0.239,24.263
152,2019-06-02,34.2,18.6,6.12,44,0.0,943.2,938.6,1,0.47,0.0,06:47:00,21:38:00,14:50:00,0.22,0.16,0.3,0.47,0.08,0.07,0.18,0.03,134,51,125,59,53,39,50,14.0,74,0,312,149,138.0,599.0,2.8,18.0,0.68,0.75,1.264,0.7,0.221,25.924999999999997
153,2019-06-03,32.6,19.8,11.16,44,0.0,940.9,936.3,0,0.31,0.0,06:47:00,21:38:00,14:51:00,0.24,0.17,0.24,0.5,0.06,0.09,0.24,0.03,179,61,138,56,87,27,0,18.0,61,0,404,144,79.0,627.0,3.1,18.3,0.75,0.68,1.508,0.7,0.446,27.054
154,2019-06-04,28.8,18.4,14.04,44,0.0,936.6,932.0,0,0.3,0.0,06:47:00,21:39:00,14:52:00,0.23,0.24,0.3,0.53,0.09,0.09,0.3,0.02,126,79,119,60,97,37,42,14.0,79,12,342,176,135.0,653.0,3.2,21.1,0.36,0.47,0.309,1.3,0.281,28.82
155,2019-06-05,21.9,12.1,14.04,43,0.0,937.5,931.7,1,0.25,0.0,06:46:00,21:40:00,14:53:00,0.3,0.21,0.29,0.55,0.07,0.08,0.2,0.03,175,93,139,69,84,28,62,10.0,77,24,398,190,149.0,737.0,1.5,18.8,0.12,0.19,0.496,1.0,0.217,24.053
156,2019-06-06,23.9,11.0,11.16,43,2.0,936.9,931.4,2,0.42,0.0,06:46:00,21:40:00,14:54:00,0.19,0.19,0.3,0.62,0.09,0.09,0.21,0.03,154,62,125,56,58,59,0,10.0,45,12,337,177,55.0,569.0,4.1,19.2,0.79,0.76,1.018,1.8,0.112,29.5
157,2019-06-07,21.6,8.8,6.84,44,0.0,941.4,931.8,0,0.29,0.0,06:46:00,21:41:00,14:55:00,0.19,0.21,0.21,0.42,0.06,0.07,0.29,0.03,180,68,138,63,72,26,42,6.5,96,0,390,157,144.5,691.5,0.6,18.9,0.17,0.7,1.091,0.2,0.11,23.250999999999998
158,2019-06-08,29.0,12.4,11.16,44,0.0,943.7,938.6,0,0.34,0.0,06:45:00,21:41:00,14:56:00,0.25,0.15,0.19,0.59,0.06,0.07,0.18,0.03,155,87,117,69,53,52,50,10.0,89,12,325,208,149.0,682.0,3.5,19.6,0.41,0.54,0.204,2.1,0.023,27.897000000000002
159,2019-06-09,27.7,13.7,9.0,43,0.0,940.4,936.9,0,0.49,0.0,06:45:00,21:42:00,14:56:00,0.21,0.19,0.25,0.59,0.06,0.06,0.25,0.02,174,76,122,61,103,26,0,0.0,104,12,399,163,104.0,666.0,4.3,19.7,0.01,0.69,0.639,0.3,0.038,27.307000000000002
160,2019-06-10,26.2,14.3,6.84,44,0.0,939.9,935.6,0,0.48,0.0,06:45:00,21:43:00,14:57:00,0.24,0.15,0.24,0.44,0.09,0.09,0.28,0.02,158,78,126,59,118,32,0,18.0,5,0,402,169,23.0,594.0,1.6,18.2,0.29,0.2,0.697,1.5,0.139,24.176
161,2019-06-11,20.7,14.9,12.96,43,0.0,937.0,934.0,0,0.27,0.0,06:45:00,21:43:00,14:58:00,0.24,0.16,0.28,0.44,0.07,0.09,0.28,0.03,137,50,131,64,61,57,42,10.0,102,24,329,171,154.0,654.0,4.4,18.1,0.37,0.09,1.377,0.5,0.18,26.607000000000003
162,2019-06-12,25.2,9.8,6.12,44,0.0,937.0,932.1,0,0.29,0.0,06:45:00,21:44:00,14:58:00,0.25,0.24,0.18,0.49,0.09,0.09,0.22,0.03,124,94,130,69,109,44,62,18.0,28,0,363,207,108.0,678.0,4.4,20.0,0.03,0.23,0.74,1.7,0.012,28.702
163,2019-06-13,28.5,14.0,9.0,43,0.0,935.4,931.5,0,0.3,0.0,06:45:00,21:44:00,14:59:00,0.23,0.2,0.19,0.44,0.06,0.06,0.27,0.02,183,94,113,60,60,47,0,6.5,105,24,356,201,111.5,668.5,2.7,18.0,0.66,0.3,0.885,1.6,0.344,25.959000000000007
164,2019-06-14,25.5,14.5,14.04,43,0.0,939.3,933.0,0,0.4,0.0,06:45:00,21:44:00,14:59:00,0.19,0.16,0.23,0.53,0.09,0.09,0.25,0.02,142,84,130,60,90,45,62,6.5,64,24,362,189,132.5,683.5,3.9,18.0,0.59,0.48,0.174,0.3,0.187,25.191000000000003
165,2019-06-15,25.6,11.7,3.96,43,0.0,942.2,939.4,0,0.36,0.0,06:45:00,21:45:00,15:00:00,0.19,0.14,0.26,0.38,0.06,0.07,0.21,0.03,138,68,116,56,63,31,0,18.0,111,0,317,155,129.0,601.0,2.1,20.1,0.42,0.72,0.438,0.2,0.417,25.735000000000003
166,2019-06-16,28.6,14.5,3.96,43,0.0,942.4,939.0,0,0.26,0.0,06:45:00,21:45:00,15:00:00,0.2,0.2,0.3,0.46,0.07,0.06,0.18,0.02,126,95,130,61,55,31,50,18.0,79,12,311,187,147.0,645.0,1.9,21.4,0.56,0.45,0.043,2.1,0.1,28.043
167,2019-06-17,32.0,15.8,6.12,43,0.0,941.0,936.4,0,0.61,0.0,06:45:00,21:46:00,15:00:00,0.3,0.17,0.19,0.44,0.06,0.09,0.3,0.03,190,77,125,59,54,27,62,0.0,20,0,369,163,82.0,614.0,4.3,21.9,0.53,0.41,1.444,1.1,0.377,31.641
168,2019-06-18,30.9,18.6,12.96,44,0.0,938.3,936.1,0,0.38,0.0,06:45:00,21:46:00,15:00:00,0.19,0.23,0.25,0.44,0.08,0.06,0.3,0.03,109,64,138,66,95,29,42,14.0,99,12,342,159,155.0,656.0,3.8,20.0,0.52,0.65,0.579,2.1,0.208,29.436999999999998
169,2019-06-19,27.0,17.4,11.16,43,0.0,938.8,937.0,0,0.49,0.0,06:45:00,21:46:00,15:01:00,0.26,0.23,0.19,0.4,0.06,0.06,0.25,0.03,172,98,112,60,69,58,50,10.0,94,12,353,216,154.0,723.0,2.8,18.3,0.45,0.61,1.094,1.3,0.466,26.500000000000004
170,2019-06-20,28.2,17.0,9.0,43,0.0,938.2,935.0,0,0.42,0.0,06:45:00,21:46:00,15:01:00,0.29,0.22,0.29,0.38,0.07,0.09,0.19,0.03,126,70,138,57,117,46,62,6.5,119,12,381,173,187.5,741.5,1.9,20.6,0.48,0.22,1.356,2.1,0.196,28.412000000000006
171,2019-06-21,29.6,17.7,5.04,43,0.0,939.0,936.0,1,0.44,0.0,06:45:00,21:47:00,15:01:00,0.26,0.21,0.24,0.6,0.09,0.09,0.3,0.03,176,74,117,66,104,46,50,18.0,95,0,397,186,163.0,746.0,1.1,21.2,0.15,0.63,1.276,1.7,0.316,28.191999999999997
172,2019-06-22,31.3,16.9,11.16,44,0.0,940.8,935.0,0,0.49,0.0,06:46:00,21:47:00,15:01:00,0.27,0.23,0.25,0.39,0.07,0.07,0.29,0.03,197,88,123,65,77,28,50,18.0,37,0,397,181,105.0,683.0,1.9,21.6,0.24,0.27,1.096,2.2,0.298,29.203999999999997
173,2019-06-23,33.2,18.5,5.04,43,0.0,938.7,934.7,1,0.59,0.0,06:46:00,21:47:00,15:01:00,0.3,0.18,0.21,0.61,0.06,0.07,0.29,0.03,149,50,135,62,50,48,0,0.0,33,12,334,160,33.0,527.0,1.4,19.4,0.62,0.1,1.089,1.2,0.342,25.900999999999996
174,2019-06-24,31.8,20.8,7.92,44,0.0,938.3,935.4,1,0.43,0.0,06:46:00,21:47:00,15:01:00,0.25,0.18,0.26,0.52,0.09,0.09,0.27,0.02,145,95,112,67,75,45,42,10.0,92,0,332,207,144.0,683.0,2.4,18.8,0.44,0.78,1.296,2.0,0.226,27.622000000000003
175,2019-06-25,33.9,18.7,6.84,44,0.0,940.6,936.8,0,0.4,0.0,06:46:00,21:47:00,15:00:00,0.32,0.22,0.2,0.5,0.06,0.06,0.28,0.02,130,90,137,64,96,28,42,18.0,65,24,363,182,125.0,670.0,3.0,20.3,0.25,0.03,0.755,0.1,0.378,26.473000000000003
176,2019-06-26,35.5,22.1,6.84,43,0.0,940.9,938.1,2,0.5,0.0,06:47:00,21:47:00,15:00:00,0.21,0.16,0.22,0.37,0.08,0.06,0.21,0.02,110,58,131,62,54,53,0,10.0,52,0,295,173,62.0,530.0,2.7,19.4,0.55,0.7,0.129,1.4,0.394,26.602999999999998
177,2019-06-27,38.3,22.7,15.12,43,0.0,941.6,937.8,1,0.6,0.0,06:47:00,21:47:00,15:00:00,0.27,0.21,0.25,0.51,0.09,0.09,0.2,0.02,141,67,119,62,111,29,50,10.0,111,12,371,158,171.0,700.0,2.6,21.6,0.05,0.4,0.503,2.0,0.488,29.281000000000002
178,2019-06-28,40.4,23.7,12.96,43,0.0,942.9,938.0,0,0.3,0.0,06:48:00,21:47:00,14:59:00,0.2,0.16,0.23,0.43,0.07,0.08,0.24,0.03,112,96,126,57,62,48,0,10.0,110,24,300,201,120.0,621.0,0.8,21.7,0.29,0.51,0.49,0.3,0.365,25.894999999999996
179,2019-06-29,40.0,24.2,6.84,43,0.0,940.5,936.8,1,0.3,0.0,06:48:00,21:47:00,14:59:00,0.22,0.2,0.28,0.4,0.09,0.06,0.2,0.03,114,80,114,65,108,59,42,14.0,75,12,336,204,131.0,671.0,2.4,21.9,0.37,0.48,1.233,1.3,0.297,29.46
180,2019-06-30,38.5,25.3,6.12,44,0.0,941.5,938.7,0,0.4,0.0,06:48:00,21:47:00,14:58:00,0.19,0.18,0.29,0.62,0.09,0.09,0.22,0.03,180,63,126,66,87,50,62,0.0,57,24,393,179,119.0,691.0,3.3,18.9,0.47,0.12,0.036,1.1,0.062,25.698
181,2019-07-01,36.4,24.3,6.84,35,0.0,940.6,937.0,0,0.36,0.0,06:49:00,21:47:00,14:58:00,0.19,0.16,0.29,0.47,0.06,0.07,0.3,0.03,197,57,114,58,80,47,42,18.0,119,0,391,162,179.0,732.0,4.6,19.5,0.36,0.27,0.672,1.7,0.337,29.009
182,2019-07-02,35.6,25.2,2.16,38,1.6,940.5,935.0,0,0.38,0.0,06:49:00,21:47:00,14:57:00,0.21,0.18,0.28,0.56,0.09,0.07,0.26,0.02,110,93,132,61,113,47,62,18.0,14,24,355,201,94.0,650.0,2.4,20.5,0.56,0.08,0.982,1.9,0.191,28.282999999999994
183,2019-07-03,34.2,23.5,9.0,37,0.0,938.7,935.1,1,0.42,0.0,06:50:00,21:47:00,14:57:00,0.22,0.17,0.22,0.62,0.08,0.06,0.26,0.02,102,64,114,61,106,24,42,0.0,15,24,322,149,57.0,528.0,3.2,19.4,0.41,0.73,0.702,1.7,0.225,28.017
184,2019-07-04,33.2,22.3,9.0,37,0.0,940.0,936.0,1,0.55,0.0,06:50:00,21:47:00,14:56:00,0.24,0.21,0.18,0.6,0.06,0.09,0.25,0.02,117,87,122,62,113,51,62,0.0,6,0,352,200,68.0,620.0,3.9,19.5,0.86,0.39,1.024,0.5,0.41,28.234
185,2019-07-05,33.7,21.3,6.84,35,0.0,941.5,938.0,1,0.43,0.0,06:51:00,21:47:00,14:55:00,0.2,0.19,0.24,0.57,0.09,0.08,0.24,0.02,150,97,137,59,68,34,0,18.0,75,0,355,190,93.0,638.0,1.7,18.7,0.25,0.73,1.08,0.6,0.393,25.083000000000006
186,2019-07-06,34.2,19.1,7.92,36,0.0,940.7,936.1,2,0.57,0.0,06:52:00,21:46:00,14:54:00,0.21,0.17,0.26,0.47,0.07,0.07,0.3,0.02,109,51,128,69,99,47,0,18.0,58,12,336,167,76.0,579.0,0.3,18.4,0.16,0.14,1.148,0.2,0.021,21.939
187,2019-07-07,34.3,19.1,2.88,35,0.0,939.0,933.5,2,0.51,0.0,06:52:00,21:46:00,14:53:00,0.21,0.2,0.29,0.36,0.09,0.09,0.2,0.03,183,64,129,59,86,45,0,6.5,103,24,398,168,109.5,675.5,1.2,18.5,0.51,0.02,0.663,1.9,0.335,24.598000000000003
188,2019-07-08,31.2,19.0,7.92,35,0.0,937.7,933.0,2,0.36,0.0,06:53:00,21:46:00,14:52:00,0.28,0.2,0.21,0.43,0.06,0.09,0.3,0.02,128,58,139,62,60,41,50,10.0,98,12,327,161,158.0,646.0,0.8,19.9,0.22,0.11,0.095,0.8,0.112,23.626999999999995
189,2019-07-09,29.9,16.8,5.04,38,0.0,940.2,936.0,0,0.45,0.0,06:53:00,21:45:00,14:51:00,0.2,0.23,0.26,0.45,0.07,0.06,0.18,0.03,139,76,134,56,67,50,62,18.0,105,24,340,182,185.0,707.0,2.5,18.3,0.94,0.4,1.239,1.7,0.254,26.813000000000002
190,2019-07-10,32.8,17.6,2.88,38,0.0,940.9,937.2,2,0.36,0.0,06:54:00,21:45:00,14:50:00,0.29,0.16,0.18,0.57,0.07,0.09,0.29,0.02,119,91,128,56,96,55,62,14.0,23,0,343,202,99.0,644.0,2.8,20.5,0.34,0.41,0.165,0.3,0.043,26.227999999999998
191,2019-07-11,36.9,20.9,6.12,38,0.0,940.2,937.3,2,0.37,0.0,06:55:00,21:44:00,14:49:00,0.28,0.23,0.19,0.48,0.08,0.09,0.27,0.02,161,72,137,60,51,43,62,14.0,0,0,349,175,76.0,600.0,3.0,18.7,0.63,0.26,0.797,0.9,0.226,26.153
192,2019-07-12,38.7,23.8,6.12,37,0.0,940.5,938.0,0,0.38,0.0,06:56:00,21:44:00,14:48:00,0.25,0.22,0.23,0.44,0.07,0.09,0.21,0.02,196,76,119,64,65,24,50,0.0,99,12,380,164,149.0,693.0,3.3,20.1,0.12,0.27,0.925,0.6,0.06,26.905
193,2019-07-13,35.2,24.8,11.88,36,0.0,939.8,934.0,0,0.57,0.0,06:56:00,21:43:00,14:47:00,0.22,0.18,0.26,0.54,0.07,0.09,0.22,0.02,159,99,135,59,81,52,42,6.5,50,12,375,210,98.5,683.5,0.6,18.6,0.05,0.75,1.372,0.9,0.476,24.348
194,2019-07-14,32.5,21.0,2.16,38,0.0,937.6,935.8,0,0.46,0.0,06:57:00,21:43:00,14:45:00,0.29,0.15,0.28,0.5,0.06,0.09,0.21,0.03,175,88,120,64,100,47,42,6.5,17,12,395,199,65.5,659.5,0.9,19.8,0.15,0.56,0.029,1.8,0.284,25.133
195,2019-07-15,35.5,19.7,7.92,37,0.0,938.5,935.7,0,0.54,0.0,06:58:00,21:42:00,14:44:00,0.2,0.21,0.3,0.42,0.07,0.07,0.23,0.03,161,72,123,66,52,43,50,10.0,114,12,336,181,174.0,691.0,1.5,19.2,0.79,0.66,0.606,0.8,0.178,25.264000000000003
196,2019-07-16,36.6,21.5,7.92,37,0.0,939.4,934.7,0,0.61,0.0,06:59:00,21:42:00,14:43:00,0.23,0.19,0.29,0.58,0.09,0.06,0.19,0.02,177,78,120,62,100,44,42,10.0,95,12,397,184,147.0,728.0,0.9,19.0,0.55,0.63,0.237,0.7,0.039,23.706
197,2019-07-17,34.1,22.1,6.12,37,0.0,938.2,930.0,2,0.31,0.0,06:59:00,21:41:00,14:41:00,0.32,0.24,0.29,0.41,0.07,0.08,0.22,0.02,107,66,124,63,73,35,42,0.0,85,0,304,164,127.0,595.0,4.6,21.2,0.11,0.0,0.541,1.8,0.007,29.908
198,2019-07-18,35.7,21.5,1.08,37,0.0,939.9,936.5,0,0.36,0.0,07:00:00,21:41:00,14:40:00,0.19,0.2,0.18,0.44,0.09,0.06,0.21,0.02,103,81,126,61,76,36,50,6.5,4,24,305,178,60.5,543.5,2.8,19.2,0.9,0.28,0.563,0.9,0.442,26.474999999999998
199,2019-07-19,37.1,22.7,6.84,36,0.0,940.1,935.6,1,0.43,0.0,07:01:00,21:40:00,14:38:00,0.3,0.23,0.23,0.48,0.09,0.06,0.24,0.02,130,73,126,61,102,45,50,18.0,115,24,358,179,183.0,720.0,2.2,20.4,0.16,0.34,1.446,1.3,0.321,27.817000000000004
200,2019-07-20,37.1,24.0,5.04,37,0.0,939.4,936.3,1,0.5,0.0,07:02:00,21:39:00,14:37:00,0.27,0.22,0.29,0.56,0.07,0.09,0.22,0.02,175,70,134,65,73,33,62,18.0,23,24,382,168,103.0,653.0,0.8,19.5,0.14,0.56,1.405,0.1,0.188,24.433
201,2019-07-21,38.0,22.3,6.84,37,6.2,944.9,940.3,0,0.4,0.0,07:03:00,21:38:00,14:35:00,0.2,0.16,0.21,0.42,0.06,0.06,0.25,0.02,193,94,129,60,79,50,42,14.0,78,0,401,204,134.0,739.0,1.1,21.1,0.63,0.63,0.725,1.7,0.034,27.299
202,2019-07-22,37.0,23.6,10.08,35,0.0,945.2,940.0,0,0.38,0.0,07:03:00,21:38:00,14:34:00,0.25,0.18,0.3,0.48,0.06,0.06,0.18,0.02,193,67,118,58,108,44,50,0.0,5,0,419,169,55.0,643.0,3.3,19.9,0.26,0.12,1.349,1.3,0.23,27.989
203,2019-07-23,37.8,23.7,11.16,35,0.8,943.3,935.0,1,0.34,0.0,07:04:00,21:37:00,14:32:00,0.25,0.19,0.18,0.48,0.07,0.06,0.18,0.02,141,58,130,66,53,56,0,6.5,71,0,324,180,77.5,581.5,4.3,21.9,0.56,0.42,0.413,0.3,0.199,29.522000000000002
204,2019-07-24,36.8,22.2,6.12,37,0.0,941.0,936.3,2,0.34,0.0,07:05:00,21:36:00,14:30:00,0.21,0.14,0.22,0.6,0.09,0.09,0.21,0.03,132,72,118,59,107,26,62,6.5,64,0,357,157,132.5,646.5,0.5,18.3,0.25,0.2,0.138,0.8,0.417,22.195000000000004
205,2019-07-25,36.3,23.9,10.08,35,0.0,938.9,935.8,0,0.45,0.0,07:06:00,21:35:00,14:29:00,0.28,0.15,0.29,0.59,0.08,0.07,0.23,0.03,180,64,123,63,98,49,50,0.0,77,12,401,176,127.0,704.0,0.1,19.4,0.02,0.72,1.396,1.1,0.389,24.845
206,2019-07-26,31.6,22.9,11.16,37,0.0,936.5,933.0,0,0.39,0.0,07:07:00,21:34:00,14:27:00,0.2,0.23,0.19,0.52,0.07,0.09,0.19,0.03,101,79,128,65,100,28,42,0.0,25,0,329,172,67.0,568.0,0.8,21.0,0.3,0.39,0.981,1.6,0.232,26.823000000000004
207,2019-07-27,26.8,19.0,10.08,38,0.0,935.9,932.5,1,0.47,0.0,07:08:00,21:33:00,14:25:00,0.27,0.17,0.29,0.39,0.09,0.09,0.19,0.02,106,85,121,62,96,40,42,10.0,78,24,323,187,130.0,640.0,3.6,21.7,0.39,0.1,0.084,0.8,0.33,28.514
208,2019-07-28,29.7,15.8,6.12,35,0.0,937.4,933.6,1,0.27,0.0,07:09:00,21:32:00,14:23:00,0.27,0.15,0.24,0.47,0.07,0.06,0.21,0.03,184,79,127,68,102,44,0,14.0,46,0,413,191,60.0,664.0,2.5,19.0,0.25,0.12,1.025,2.2,0.178,26.773
209,2019-07-29,33.2,19.0,9.0,35,0.0,937.6,934.3,0,0.43,0.0,07:10:00,21:31:00,14:21:00,0.24,0.14,0.24,0.55,0.06,0.09,0.23,0.03,183,80,136,65,68,51,62,6.5,13,24,387,196,81.5,664.5,1.6,19.1,0.45,0.72,1.452,2.0,0.137,27.039
210,2019-07-30,31.3,16.9,2.88,37,0.0,943.7,937.3,0,0.4,0.0,07:11:00,21:30:00,14:19:00,0.23,0.14,0.23,0.61,0.06,0.07,0.21,0.03,103,99,129,58,92,47,42,10.0,27,24,324,204,79.0,607.0,2.8,18.0,0.3,0.18,1.18,0.4,0.351,24.790999999999997
211,2019-07-31,33.7,17.9,7.92,35,0.0,940.3,935.0,1,0.39,0.0,07:12:00,21:29:00,14:17:00,0.23,0.19,0.25,0.43,0.09,0.09,0.18,0.02,179,50,125,69,100,32,50,6.5,19,12,404,151,75.5,630.5,1.3,21.1,0.24,0.03,0.176,0.6,0.211,25.137
212,2019-08-01,34.3,20.8,9.0,40,0.0,937.9,935.0,0,0.36,0.0,07:12:00,21:28:00,14:15:00,0.21,0.17,0.23,0.4,0.06,0.08,0.24,0.03,125,55,118,56,49,59,0,10.0,119,0,292,170,129.0,591.0,0.4,20.3,0.83,0.04,0.503,1.8,0.038,25.331
213,2019-08-02,35.5,22.5,6.84,37,0.0,939.8,937.3,1,0.33,0.0,07:13:00,21:27:00,14:13:00,0.3,0.16,0.23,0.58,0.06,0.06,0.19,0.02,132,96,113,62,117,45,50,14.0,46,12,362,203,110.0,675.0,2.7,21.2,0.59,0.66,1.09,0.3,0.217,28.357
214,2019-08-03,35.9,21.8,7.92,40,0.0,939.8,936.0,0,0.58,0.0,07:14:00,21:26:00,14:11:00,0.24,0.2,0.23,0.47,0.06,0.09,0.28,0.03,133,82,114,56,48,44,0,6.5,20,0,295,182,26.5,503.5,0.4,21.6,0.14,0.58,0.913,1.9,0.466,27.599
215,2019-08-04,36.0,21.3,6.84,39,0.0,939.9,936.4,0,0.51,0.0,07:15:00,21:25:00,14:09:00,0.22,0.17,0.2,0.55,0.07,0.06,0.2,0.02,197,52,114,61,78,30,62,14.0,118,24,389,143,194.0,726.0,2.7,21.0,0.98,0.28,0.453,2.1,0.192,29.195000000000004
216,2019-08-05,36.2,21.1,6.12,39,0.0,939.9,936.1,0,0.36,0.0,07:16:00,21:24:00,14:07:00,0.21,0.22,0.19,0.49,0.06,0.08,0.2,0.02,116,61,135,67,104,47,50,0.0,81,0,355,175,131.0,661.0,3.5,21.7,0.07,0.25,1.352,0.3,0.021,28.663
217,2019-08-06,35.3,20.7,6.12,39,0.0,938.5,934.5,0,0.48,0.0,07:17:00,21:23:00,14:05:00,0.3,0.21,0.26,0.52,0.06,0.07,0.25,0.02,174,93,126,57,71,58,62,14.0,47,0,371,208,123.0,702.0,1.1,21.7,0.09,0.08,0.156,1.7,0.49,27.005999999999993
218,2019-08-07,27.9,22.5,7.92,39,0.0,939.2,934.2,0,0.44,0.0,07:18:00,21:21:00,14:03:00,0.3,0.17,0.27,0.55,0.08,0.08,0.18,0.03,186,80,129,60,83,28,62,0.0,92,12,398,168,154.0,720.0,0.9,19.7,0.95,0.71,1.402,0.9,0.029,26.250999999999998
219,2019-08-08,33.1,18.7,9.0,40,0.0,939.9,937.0,0,0.52,0.0,07:19:00,21:20:00,14:01:00,0.23,0.22,0.26,0.45,0.06,0.08,0.26,0.03,139,64,124,59,78,43,62,10.0,66,24,341,166,138.0,645.0,3.5,18.9,0.97,0.56,1.249,1.2,0.198,28.166999999999994
220,2019-08-09,31.2,21.9,16.92,39,0.0,941.5,937.8,0,0.3,0.0,07:20:00,21:19:00,13:58:00,0.26,0.17,0.26,0.37,0.08,0.09,0.28,0.03,161,78,137,68,59,24,50,14.0,107,24,357,170,171.0,698.0,1.2,18.6,0.15,0.04,1.39,1.4,0.408,24.728
221,2019-08-10,31.5,18.3,6.84,39,0.0,943.4,939.1,0,0.61,0.0,07:21:00,21:18:00,13:56:00,0.19,0.19,0.23,0.39,0.08,0.08,0.21,0.03,174,75,132,67,117,24,42,10.0,96,24,423,166,148.0,737.0,0.3,19.9,0.68,0.52,0.158,2.0,0.156,25.113999999999997
222,2019-08-11,29.4,19.4,10.08,37,0.0,941.5,938.3,2,0.28,0.0,07:22:00,21:16:00,13:54:00,0.32,0.17,0.23,0.54,0.09,0.06,0.26,0.02,193,82,129,63,110,56,0,10.0,105,12,432,201,115.0,748.0,0.8,21.2,0.58,0.04,0.365,2.3,0.328,27.302999999999994
223,2019-08-12,27.4,15.0,7.92,39,0.0,943.7,940.1,2,0.42,0.0,07:23:00,21:15:00,13:52:00,0.32,0.14,0.24,0.51,0.06,0.06,0.22,0.02,178,82,130,59,108,49,0,6.5,88,24,416,190,94.5,700.5,3.4,20.1,0.69,0.26,0.082,0.1,0.225,26.427000000000007
224,2019-08-13,29.2,15.2,7.92,41,0.0,943.8,940.6,0,0.38,0.0,07:24:00,21:14:00,13:49:00,0.31,0.19,0.19,0.57,0.07,0.06,0.25,0.02,144,87,120,56,96,32,0,0.0,42,0,360,175,42.0,577.0,0.5,19.5,0.0,0.31,0.145,0.7,0.028,22.842999999999996
225,2019-08-14,32.6,17.5,3.96,38,0.0,945.1,940.6,1,0.39,0.0,07:25:00,21:13:00,13:47:00,0.26,0.14,0.29,0.55,0.07,0.09,0.28,0.03,193,60,133,60,119,26,62,6.5,69,0,445,146,137.5,728.5,3.4,20.7,0.5,0.3,0.845,2.3,0.211,29.965999999999998
226,2019-08-15,35.5,19.9,6.12,40,0.0,943.5,939.9,0,0.43,0.0,07:26:00,21:11:00,13:45:00,0.32,0.18,0.24,0.44,0.08,0.06,0.19,0.03,177,56,120,60,94,57,42,6.5,20,0,391,173,68.5,632.5,3.5,19.6,0.58,0.25,1.542,2.0,0.013,29.025000000000002
227,2019-08-16,35.8,21.6,7.92,38,0.0,942.7,938.1,2,0.36,0.0,07:27:00,21:10:00,13:42:00,0.23,0.24,0.29,0.43,0.08,0.07,0.26,0.03,143,97,138,63,82,54,42,14.0,85,0,363,214,141.0,718.0,0.9,18.2,0.78,0.19,1.259,1.9,0.428,25.287000000000003
228,2019-08-17,37.0,21.6,7.92,37,0.0,940.5,936.3,0,0.4,0.0,07:28:00,21:08:00,13:40:00,0.29,0.22,0.24,0.41,0.09,0.07,0.28,0.02,178,64,118,64,68,27,0,6.5,89,24,364,155,95.5,614.5,2.6,18.6,0.72,0.55,1.509,0.5,0.13,26.229
229,2019-08-18,34.6,20.1,10.08,39,0.0,938.5,935.7,0,0.32,0.0,07:29:00,21:07:00,13:38:00,0.28,0.17,0.21,0.48,0.07,0.08,0.29,0.03,106,76,115,57,100,39,62,0.0,83,0,321,172,145.0,638.0,4.0,18.7,0.18,0.4,1.223,1.1,0.473,27.685999999999996
230,2019-08-19,33.0,20.8,7.92,37,0.4,938.8,937.2,0,0.51,0.0,07:30:00,21:06:00,13:35:00,0.21,0.24,0.18,0.52,0.08,0.06,0.18,0.02,143,63,123,56,119,28,62,10.0,109,24,385,147,181.0,713.0,3.9,21.9,0.22,0.21,1.298,0.8,0.249,30.067
231,2019-08-20,29.9,19.9,11.16,37,0.1,943.8,937.6,0,0.4,0.0,07:31:00,21:04:00,13:33:00,0.23,0.21,0.19,0.53,0.06,0.09,0.22,0.03,179,81,127,56,69,47,62,14.0,57,24,375,184,133.0,692.0,4.2,19.8,0.02,0.64,1.08,1.7,0.076,29.076000000000004
232,2019-08-21,30.1,17.4,2.88,41,16.2,944.3,941.1,0,0.32,0.0,07:32:00,21:03:00,13:30:00,0.31,0.22,0.29,0.62,0.07,0.06,0.2,0.02,127,60,114,60,60,29,42,6.5,72,24,301,149,120.5,570.5,0.1,18.5,0.89,0.69,0.641,1.5,0.06,24.171000000000003
233,2019-08-22,31.0,16.8,6.12,41,0.0,945.3,941.3,0,0.42,0.0,07:33:00,21:01:00,13:28:00,0.32,0.16,0.3,0.53,0.08,0.07,0.29,0.03,169,76,135,66,70,50,62,6.5,76,0,374,192,144.5,710.5,2.1,18.5,0.29,0.24,1.487,0.3,0.203,24.9
234,2019-08-23,32.1,19.5,2.88,40,0.0,945.3,941.0,1,0.43,0.0,07:34:00,21:00:00,13:26:00,0.22,0.19,0.3,0.54,0.09,0.09,0.22,0.03,132,96,137,59,89,49,50,10.0,59,0,358,204,119.0,681.0,2.5,19.9,0.79,0.2,0.239,2.3,0.477,28.086
235,2019-08-24,33.5,20.1,5.04,37,0.0,943.7,940.0,0,0.44,0.0,07:35:00,20:58:00,13:23:00,0.26,0.14,0.23,0.56,0.09,0.09,0.27,0.03,194,90,112,69,48,42,62,14.0,67,12,354,201,143.0,698.0,0.2,21.1,0.52,0.42,0.056,1.1,0.402,25.468000000000007
236,2019-08-25,33.9,21.1,10.08,41,4.2,942.1,937.3,0,0.54,0.0,07:36:00,20:57:00,13:21:00,0.32,0.15,0.26,0.45,0.06,0.08,0.22,0.02,191,70,128,57,89,59,62,6.5,2,0,408,186,70.5,664.5,3.2,20.1,0.15,0.39,1.256,0.3,0.083,27.038999999999998
237,2019-08-26,26.4,15.2,6.12,40,26.9,941.0,936.1,0,0.32,0.0,07:37:00,20:55:00,13:18:00,0.29,0.24,0.19,0.58,0.08,0.07,0.27,0.03,152,91,128,66,103,44,62,18.0,75,0,383,201,155.0,739.0,3.1,19.9,0.92,0.35,0.112,1.8,0.413,28.345000000000002
238,2019-08-27,26.4,14.7,2.88,38,0.0,941.1,939.3,2,0.45,0.0,07:37:00,20:54:00,13:16:00,0.19,0.15,0.27,0.49,0.08,0.06,0.25,0.03,184,72,124,67,71,26,62,0.0,84,24,379,165,146.0,690.0,3.2,19.3,0.76,0.08,0.024,1.6,0.202,26.686000000000007
239,2019-08-28,30.1,17.9,6.12,37,0.0,942.3,940.1,0,0.5,0.0,07:38:00,20:52:00,13:13:00,0.3,0.19,0.3,0.6,0.09,0.07,0.2,0.02,105,54,119,61,57,51,50,14.0,30,12,281,166,94.0,541.0,1.2,18.1,0.5,0.5,0.065,1.0,0.486,23.621000000000002
240,2019-08-29,32.4,20.1,2.88,39,0.0,944.8,942.0,0,0.37,0.0,07:39:00,20:51:00,13:11:00,0.26,0.15,0.26,0.37,0.08,0.09,0.22,0.03,146,76,125,67,101,31,62,6.5,49,24,372,174,117.5,663.5,1.1,19.1,0.0,0.26,0.163,0.1,0.368,22.551000000000005
241,2019-08-30,34.0,18.6,6.84,37,10.6,945.0,941.5,0,0.3,0.0,07:40:00,20:49:00,13:08:00,0.27,0.18,0.21,0.37,0.07,0.06,0.3,0.02,146,54,116,57,63,56,50,10.0,114,0,325,167,174.0,666.0,3.8,21.2,0.65,0.39,0.82,1.3,0.368,30.008
242,2019-08-31,31.6,17.3,2.16,37,0.0,943.2,939.4,0,0.48,0.0,07:41:00,20:47:00,13:06:00,0.32,0.19,0.24,0.51,0.06,0.09,0.22,0.03,165,89,122,64,111,36,50,6.5,27,24,398,189,83.5,670.5,0.2,21.9,0.91,0.03,1.283,1.5,0.269,27.752
243,2019-09-01,31.9,20.5,6.84,50,0.0,939.5,937.1,0,0.51,0.0,07:42:00,20:46:00,13:03:00,0.27,0.18,0.29,0.47,0.07,0.06,0.24,0.02,155,76,113,57,81,47,50,0.0,52,24,349,180,102.0,631.0,0.2,21.8,0.5,0.05,1.006,2.1,0.45,27.706000000000003
244,2019-09-02,30.3,17.8,11.16,50,0.0,942.8,940.5,2,0.51,0.0,07:43:00,20:44:00,13:00:00,0.22,0.21,0.29,0.37,0.07,0.07,0.18,0.02,116,94,126,69,98,48,62,10.0,53,12,340,211,125.0,676.0,1.5,19.6,0.98,0.46,0.391,1.9,0.174,26.435000000000002
245,2019-09-03,31.8,18.8,6.12,50,0.0,945.0,941.0,0,0.32,0.0,07:44:00,20:43:00,12:58:00,0.2,0.2,0.23,0.42,0.09,0.09,0.24,0.03,165,56,131,62,59,57,50,6.5,61,24,355,175,117.5,647.5,2.9,20.3,0.7,0.12,1.199,0.6,0.072,27.391000000000005
246,2019-09-04,32.6,19.8,3.96,48,0.0,943.9,939.1,0,0.48,0.0,07:45:00,20:41:00,12:55:00,0.22,0.23,0.18,0.56,0.06,0.08,0.22,0.02,159,83,118,61,102,33,50,0.0,43,12,379,177,93.0,649.0,2.5,18.9,0.21,0.19,0.09,0.6,0.202,24.262000000000004
247,2019-09-05,27.4,16.7,11.88,50,0.0,944.7,941.7,2,0.46,0.0,07:46:00,20:39:00,12:53:00,0.25,0.2,0.18,0.42,0.08,0.06,0.24,0.03,105,64,123,59,58,27,42,10.0,14,12,286,150,66.0,502.0,4.4,21.2,0.37,0.75,0.435,0.6,0.059,29.274
248,2019-09-06,25.8,12.0,7.92,49,0.0,944.8,941.0,0,0.33,0.0,07:47:00,20:38:00,12:50:00,0.23,0.15,0.23,0.52,0.07,0.09,0.25,0.03,101,65,114,66,97,40,0,14.0,103,24,312,171,117.0,600.0,1.9,19.0,0.09,0.06,1.277,2.0,0.375,26.272
249,2019-09-07,27.5,14.2,6.12,50,0.0,943.8,939.9,0,0.46,0.0,07:48:00,20:36:00,12:48:00,0.23,0.18,0.28,0.55,0.08,0.09,0.25,0.02,110,59,131,68,94,57,0,14.0,86,24,335,184,100.0,619.0,1.5,18.4,0.23,0.39,1.282,0.2,0.104,23.785999999999998
250,2019-09-08,28.7,16.8,6.84,49,0.0,942.4,938.8,0,0.47,0.0,07:49:00,20:34:00,12:45:00,0.28,0.22,0.22,0.47,0.07,0.09,0.18,0.03,118,52,121,63,79,54,50,10.0,27,24,318,169,87.0,574.0,2.6,20.2,0.76,0.06,0.904,1.3,0.105,27.489
251,2019-09-09,29.6,16.0,11.16,48,0.0,941.2,936.6,2,0.29,0.0,07:50:00,20:33:00,12:42:00,0.22,0.17,0.29,0.52,0.08,0.06,0.23,0.03,111,72,125,65,60,54,0,18.0,12,12,296,191,30.0,517.0,4.4,21.9,0.25,0.35,0.886,0.0,0.136,29.522
252,2019-09-10,22.1,14.2,11.88,48,0.0,942.4,935.9,1,0.42,0.0,07:51:00,20:31:00,12:40:00,0.22,0.21,0.29,0.54,0.07,0.06,0.29,0.02,190,97,137,68,75,40,0,6.5,106,24,402,205,112.5,719.5,3.7,18.5,0.66,0.76,0.223,2.0,0.013,27.556
253,2019-09-11,25.8,14.0,15.12,48,0.0,948.0,940.5,0,0.33,0.0,07:52:00,20:30:00,12:37:00,0.28,0.16,0.18,0.5,0.09,0.06,0.18,0.03,110,50,132,69,84,27,42,0.0,61,12,326,146,103.0,575.0,3.0,19.9,0.37,0.02,0.042,0.2,0.004,25.016000000000002
254,2019-09-12,28.3,15.6,11.88,48,0.0,949.3,946.7,0,0.27,0.0,07:53:00,20:28:00,12:35:00,0.3,0.23,0.24,0.42,0.06,0.09,0.28,0.03,142,84,133,59,104,34,62,6.5,51,0,379,177,119.5,675.5,0.1,18.4,0.68,0.69,0.618,0.0,0.248,22.386
255,2019-09-13,21.4,14.7,11.88,49,6.8,950.0,947.0,0,0.27,0.0,07:54:00,20:26:00,12:32:00,0.31,0.18,0.27,0.45,0.08,0.08,0.2,0.03,151,77,137,64,65,25,50,0.0,32,0,353,166,82.0,601.0,1.8,21.9,0.68,0.27,1.198,1.5,0.085,29.032999999999998
256,2019-09-14,20.5,15.6,10.08,48,13.7,947.3,944.5,0,0.49,0.0,07:55:00,20:25:00,12:29:00,0.22,0.15,0.25,0.45,0.07,0.06,0.21,0.02,141,71,121,58,69,29,50,6.5,51,24,331,158,107.5,596.5,1.6,20.3,0.35,0.57,0.045,0.4,0.422,25.117000000000004
257,2019-09-15,21.2,15.3,7.92,50,1.7,944.8,942.9,0,0.26,0.0,07:56:00,20:23:00,12:27:00,0.3,0.22,0.21,0.36,0.06,0.09,0.2,0.02,198,96,118,68,87,27,42,18.0,16,24,403,191,76.0,670.0,2.1,20.3,0.46,0.28,1.093,0.8,0.113,26.606
258,2019-09-16,25.2,16.0,2.88,50,0.0,943.7,941.0,0,0.29,0.0,07:57:00,20:21:00,12:24:00,0.23,0.14,0.18,0.37,0.08,0.08,0.26,0.03,148,91,118,65,108,35,0,0.0,69,0,374,191,69.0,634.0,4.7,20.0,0.09,0.62,1.313,0.6,0.13,28.823
259,2019-09-17,28.1,16.8,6.12,49,0.0,942.3,938.5,1,0.25,0.0,07:58:00,20:20:00,12:21:00,0.2,0.22,0.26,0.37,0.08,0.06,0.25,0.03,175,91,127,58,60,55,50,6.5,85,12,362,204,141.5,707.5,0.7,21.3,0.65,0.78,0.077,1.7,0.286,26.963
260,2019-09-18,27.1,16.9,5.04,50,0.0,940.6,938.3,0,0.47,0.0,07:59:00,20:18:00,12:19:00,0.3,0.24,0.3,0.38,0.07,0.08,0.26,0.03,136,85,122,65,89,51,42,6.5,4,24,347,201,52.5,600.5,2.4,20.8,0.76,0.74,0.952,0.1,0.383,27.794999999999998
261,2019-09-19,28.6,17.5,6.12,49,0.0,940.5,937.5,0,0.3,0.0,08:00:00,20:16:00,12:16:00,0.2,0.2,0.28,0.36,0.08,0.06,0.18,0.03,128,75,133,62,64,44,0,10.0,37,24,325,181,47.0,553.0,4.5,21.0,0.06,0.21,1.206,1.4,0.238,30.003999999999998
262,2019-09-20,24.8,16.5,9.0,48,6.7,940.0,936.6,1,0.49,0.0,08:00:00,20:14:00,12:14:00,0.27,0.21,0.21,0.51,0.08,0.07,0.25,0.03,180,57,124,60,68,31,0,18.0,74,12,372,148,92.0,612.0,4.7,21.2,0.23,0.47,1.244,2.0,0.048,31.522
263,2019-09-21,20.9,14.6,3.96,50,4.2,937.8,935.4,0,0.49,0.0,08:01:00,20:13:00,12:11:00,0.31,0.17,0.27,0.51,0.09,0.06,0.18,0.02,109,63,133,58,100,50,42,6.5,58,12,342,171,106.5,619.5,0.4,19.2,0.49,0.38,1.177,0.0,0.107,23.363999999999997
264,2019-09-22,22.7,15.2,9.0,48,0.0,942.0,935.3,0,0.39,0.0,08:02:00,20:11:00,12:08:00,0.31,0.22,0.27,0.62,0.08,0.08,0.18,0.03,183,52,139,63,61,56,62,0.0,39,0,383,171,101.0,655.0,1.3,19.2,0.34,0.73,0.859,1.1,0.326,25.645000000000003
265,2019-09-23,22.7,12.1,3.96,48,0.0,944.5,942.8,1,0.34,0.0,08:03:00,20:09:00,12:06:00,0.32,0.2,0.19,0.36,0.06,0.06,0.2,0.02,161,93,117,61,90,24,62,14.0,42,12,368,178,118.0,664.0,1.4,21.0,0.61,0.66,1.018,0.7,0.477,27.275
266,2019-09-24,26.5,12.7,9.0,49,0.0,943.6,940.0,1,0.38,0.0,08:04:00,20:08:00,12:03:00,0.24,0.2,0.19,0.51,0.06,0.07,0.21,0.02,180,60,133,65,76,47,0,18.0,109,0,389,172,127.0,688.0,3.6,18.9,0.54,0.77,0.974,1.9,0.069,28.252999999999997
267,2019-09-25,23.8,13.3,5.04,49,0.0,942.5,940.0,0,0.46,0.0,08:05:00,20:06:00,12:00:00,0.27,0.24,0.27,0.4,0.07,0.06,0.18,0.03,194,77,121,61,50,27,62,10.0,87,12,365,165,159.0,689.0,0.2,21.0,0.87,0.55,1.531,0.9,0.01,26.581
268,2019-09-26,26.5,14.9,5.04,50,0.0,944.0,941.5,1,0.46,0.0,08:06:00,20:04:00,11:58:00,0.32,0.16,0.24,0.52,0.09,0.07,0.27,0.02,116,87,139,56,112,24,62,10.0,46,0,367,167,118.0,652.0,2.6,20.8,0.43,0.54,0.902,2.2,0.337,29.499
269,2019-09-27,28.2,14.8,5.04,50,0.0,943.8,940.9,0,0.32,0.0,08:07:00,20:03:00,11:55:00,0.31,0.16,0.2,0.45,0.07,0.09,0.23,0.02,157,84,116,56,64,25,50,10.0,86,0,337,165,146.0,648.0,2.6,21.7,0.74,0.25,1.333,1.5,0.16,29.812999999999995
270,2019-09-28,27.5,14.8,5.04,48,0.0,944.9,941.1,0,0.32,0.0,08:08:00,20:01:00,11:52:00,0.23,0.22,0.21,0.6,0.06,0.06,0.19,0.03,112,56,113,56,54,35,50,10.0,86,0,279,147,146.0,572.0,3.0,19.0,0.24,0.7,0.96,0.9,0.11,26.509999999999998
271,2019-09-29,29.3,14.6,6.12,49,0.0,943.0,940.5,0,0.36,0.0,08:09:00,19:59:00,11:50:00,0.2,0.2,0.3,0.56,0.06,0.09,0.27,0.02,183,66,133,58,64,38,42,18.0,97,24,380,162,157.0,699.0,2.3,18.6,0.2,0.57,1.018,0.7,0.022,25.11
272,2019-09-30,28.8,14.2,5.04,50,0.0,942.8,939.3,2,0.33,0.0,08:10:00,19:58:00,11:47:00,0.31,0.24,0.29,0.37,0.06,0.07,0.28,0.03,101,71,126,57,116,28,62,6.5,117,24,343,156,185.5,684.5,4.1,19.0,0.69,0.26,0.252,0.5,0.029,26.481
273,2019-10-01,26.6,13.6,7.92,63,0.0,939.5,937.3,0,0.25,0.0,08:11:00,19:56:00,11:44:00,0.27,0.15,0.22,0.57,0.07,0.06,0.22,0.02,193,83,118,66,87,53,62,10.0,6,12,398,202,78.0,678.0,2.3,20.9,0.44,0.08,0.564,1.7,0.118,27.681999999999995
274,2019-10-02,22.2,13.5,6.84,64,0.0,942.7,940.2,0,0.43,0.0,08:12:00,19:55:00,11:42:00,0.25,0.22,0.21,0.57,0.09,0.08,0.27,0.03,134,87,122,62,93,30,62,0.0,47,12,349,179,109.0,637.0,2.6,18.3,0.58,0.19,0.128,1.8,0.455,25.773
275,2019-10-03,24.0,11.5,3.96,64,0.0,943.5,940.8,2,0.38,0.0,08:13:00,19:53:00,11:39:00,0.27,0.18,0.25,0.38,0.08,0.06,0.29,0.02,189,85,114,69,66,33,50,10.0,19,24,369,187,79.0,635.0,3.7,21.1,0.04,0.35,0.704,0.8,0.305,28.529000000000003
276,2019-10-04,26.2,13.1,5.04,63,0.0,942.6,938.0,0,0.37,0.0,08:14:00,19:51:00,11:37:00,0.27,0.24,0.25,0.46,0.08,0.08,0.27,0.02,108,66,122,66,57,43,0,10.0,25,24,287,175,35.0,497.0,0.1,18.6,0.9,0.22,0.633,1.9,0.21,24.232999999999997
277,2019-10-05,26.0,14.1,3.96,64,0.0,940.9,938.7,2,0.32,0.0,08:15:00,19:50:00,11:34:00,0.27,0.23,0.21,0.61,0.07,0.09,0.27,0.02,113,79,138,57,110,53,0,18.0,26,12,361,189,44.0,594.0,1.6,18.6,0.08,0.63,1.23,1.7,0.144,25.753999999999998
278,2019-10-06,26.5,13.1,5.04,64,0.0,943.9,941.0,0,0.35,0.0,08:16:00,19:48:00,11:31:00,0.23,0.15,0.3,0.46,0.07,0.06,0.18,0.02,151,80,125,61,48,35,42,18.0,41,24,324,176,101.0,601.0,4.2,20.5,0.49,0.66,0.666,0.7,0.311,28.997
279,2019-10-07,26.5,14.5,2.88,62,0.0,943.3,941.8,0,0.35,0.0,08:17:00,19:46:00,11:29:00,0.22,0.17,0.26,0.48,0.09,0.07,0.24,0.03,174,88,138,66,119,31,0,10.0,107,24,431,185,117.0,733.0,4.6,18.9,0.06,0.27,0.993,0.9,0.484,27.766999999999996
280,2019-10-08,27.9,14.7,3.96,64,0.0,943.7,940.1,0,0.45,0.0,08:18:00,19:45:00,11:26:00,0.24,0.14,0.22,0.38,0.07,0.09,0.19,0.02,111,70,117,56,54,59,62,6.5,112,0,282,185,180.5,647.5,2.1,18.7,0.94,0.33,0.57,0.0,0.048,24.037999999999997
281,2019-10-09,27.0,15.4,2.16,62,0.0,940.5,937.9,0,0.44,0.0,08:19:00,19:43:00,11:23:00,0.31,0.14,0.25,0.41,0.09,0.09,0.28,0.03,120,58,135,67,87,48,42,6.5,65,12,342,173,113.5,628.5,2.1,18.8,0.95,0.69,0.535,2.2,0.263,27.138
282,2019-10-10,24.6,14.8,6.84,63,0.0,944.8,941.4,1,0.48,0.0,08:20:00,19:42:00,11:21:00,0.32,0.19,0.21,0.46,0.08,0.07,0.22,0.02,127,78,132,61,50,54,50,0.0,87,24,309,193,137.0,639.0,4.2,21.1,0.56,0.34,1.153,2.2,0.386,31.508999999999997
283,2019-10-11,25.2,15.6,3.96,64,0.0,945.5,939.9,2,0.49,0.0,08:21:00,19:40:00,11:18:00,0.31,0.24,0.21,0.45,0.06,0.09,0.2,0.03,101,62,129,63,53,48,42,6.5,91,24,283,173,139.5,595.5,4.0,20.1,0.05,0.7,0.356,0.0,0.374,27.17
284,2019-10-12,25.8,15.7,5.04,62,5.4,941.9,938.1,2,0.43,0.0,08:22:00,19:39:00,11:16:00,0.2,0.2,0.25,0.49,0.09,0.09,0.23,0.02,152,55,126,67,54,32,0,10.0,33,24,332,154,43.0,529.0,1.3,21.0,0.01,0.16,0.686,0.9,0.108,25.734
285,2019-10-13,22.4,14.8,5.04,65,0.0,940.2,936.3,0,0.42,0.0,08:24:00,19:37:00,11:13:00,0.31,0.18,0.19,0.42,0.07,0.08,0.19,0.03,185,81,129,68,77,34,62,6.5,44,12,391,183,112.5,686.5,3.1,21.2,0.62,0.09,1.112,0.2,0.158,27.95
286,2019-10-14,19.4,8.8,14.04,62,3.2,941.0,933.8,2,0.26,0.0,08:25:00,19:36:00,11:10:00,0.26,0.17,0.19,0.45,0.07,0.07,0.25,0.02,141,97,118,63,94,47,0,10.0,71,0,353,207,81.0,641.0,3.9,19.6,0.08,0.4,0.608,0.4,0.349,26.816999999999997
287,2019-10-15,16.1,6.4,6.12,64,0.0,944.1,940.9,0,0.33,0.0,08:26:00,19:34:00,11:08:00,0.2,0.24,0.23,0.52,0.09,0.06,0.19,0.03,125,91,122,58,58,49,42,10.0,17,0,305,198,69.0,572.0,3.9,20.4,0.2,0.78,0.8,0.3,0.281,28.221
288,2019-10-16,17.8,7.2,6.84,65,0.6,944.5,941.0,0,0.32,0.0,08:27:00,19:33:00,11:05:00,0.3,0.16,0.19,0.49,0.07,0.06,0.19,0.03,147,51,131,56,103,43,42,6.5,68,0,381,150,116.5,647.5,4.0,21.2,0.79,0.34,0.48,0.2,0.282,28.781999999999996
289,2019-10-17,15.9,9.2,5.04,63,2.3,942.8,941.1,2,0.29,0.0,08:28:00,19:31:00,11:03:00,0.32,0.23,0.18,0.49,0.08,0.07,0.23,0.03,149,79,136,69,74,55,62,18.0,64,24,359,203,144.0,706.0,1.9,21.1,0.19,0.54,0.441,0.6,0.099,26.500000000000004
290,2019-10-18,19.4,14.2,9.0,62,0.1,941.6,936.8,1,0.32,0.0,08:29:00,19:30:00,11:00:00,0.31,0.18,0.23,0.37,0.07,0.09,0.18,0.02,172,77,116,65,110,58,62,14.0,49,12,398,200,125.0,723.0,1.3,19.8,0.65,0.13,1.376,0.5,0.277,25.483
291,2019-10-19,16.9,11.1,9.0,64,18.4,937.2,928.2,2,0.14,0.0,08:30:00,19:28:00,10:58:00,0.23,0.2,0.26,0.62,0.08,0.08,0.25,0.02,197,53,117,58,108,49,0,10.0,1,24,422,160,11.0,593.0,2.6,18.7,0.0,0.35,0.616,0.5,0.215,24.721
292,2019-10-20,12.7,7.8,9.0,62,0.5,938.2,928.6,0,0.27,0.0,08:31:00,19:27:00,10:55:00,0.3,0.23,0.29,0.59,0.06,0.08,0.18,0.03,172,82,137,60,61,26,0,6.5,63,12,370,168,69.5,607.5,0.6,20.3,0.48,0.48,1.106,2.3,0.002,27.028000000000002
293,2019-10-21,14.3,5.7,3.96,64,0.0,941.3,938.3,2,0.24,0.0,08:32:00,19:25:00,10:53:00,0.19,0.19,0.24,0.55,0.06,0.09,0.2,0.02,118,88,116,66,117,33,50,0.0,102,12,351,187,152.0,690.0,1.7,21.8,0.6,0.53,0.873,1.5,0.052,28.595000000000002
294,2019-10-22,10.7,8.1,9.0,62,10.1,939.7,929.9,0,0.28,0.0,08:33:00,19:24:00,10:50:00,0.2,0.17,0.19,0.44,0.09,0.09,0.29,0.02,119,77,127,64,86,43,50,10.0,84,12,332,184,144.0,660.0,1.7,19.6,0.49,0.46,0.521,0.7,0.418,25.379
295,2019-10-23,9.8,6.8,5.04,63,1.5,934.8,929.0,0,0.15,0.0,08:34:00,19:22:00,10:48:00,0.29,0.17,0.25,0.55,0.07,0.06,0.24,0.02,199,64,138,67,78,34,42,10.0,43,12,415,165,95.0,675.0,0.8,21.9,0.71,0.76,1.13,1.1,0.023,28.073
296,2019-10-24,16.1,6.9,5.04,64,0.0,946.3,935.3,1,0.11,0.0,08:35:00,19:21:00,10:45:00,0.24,0.24,0.23,0.57,0.09,0.06,0.19,0.03,133,92,115,62,109,36,0,0.0,97,12,357,190,97.0,644.0,0.7,20.7,0.29,0.43,0.81,2.0,0.091,26.670999999999996
297,2019-10-25,18.5,8.2,3.96,64,0.0,947.4,944.5,0,0.12,0.0,08:37:00,19:20:00,10:43:00,0.31,0.16,0.25,0.62,0.09,0.08,0.18,0.02,154,76,132,62,90,50,62,14.0,39,0,376,188,115.0,679.0,0.1,18.7,0.28,0.29,1.529,1.0,0.036,23.645
298,2019-10-26,20.5,9.0,3.96,64,0.0,945.3,942.9,2,0.33,0.0,08:38:00,19:18:00,10:40:00,0.32,0.17,0.18,0.43,0.09,0.06,0.26,0.03,108,55,139,65,80,57,42,6.5,50,12,327,177,98.5,602.5,1.6,18.3,0.84,0.35,0.019,0.3,0.205,23.154
299,2019-10-27,20.9,10.2,2.88,63,0.0,945.2,942.2,0,0.39,0.0,07:39:00,18:17:00,10:38:00,0.24,0.22,0.24,0.38,0.06,0.08,0.28,0.02,108,68,121,58,49,42,0,18.0,22,0,278,168,40.0,486.0,4.3,18.6,0.13,0.48,0.307,0.8,0.277,26.414
300,2019-10-28,20.9,12.9,6.12,64,0.0,942.3,940.3,2,0.43,0.0,07:40:00,18:16:00,10:35:00,0.26,0.19,0.22,0.38,0.07,0.07,0.29,0.03,107,86,123,65,94,32,0,14.0,56,24,324,183,70.0,577.0,3.4,18.8,0.98,0.27,0.274,0.4,0.084,25.718
301,2019-10-29,17.6,10.8,2.16,64,0.0,944.4,939.0,0,0.15,0.0,07:41:00,18:14:00,10:33:00,0.26,0.14,0.28,0.61,0.06,0.08,0.18,0.03,199,52,119,63,115,55,0,0.0,6,24,433,170,6.0,609.0,0.5,19.0,0.36,0.02,0.936,1.5,0.248,24.204
302,2019-10-30,18.1,10.4,2.88,65,0.0,946.7,944.1,0,0.23,0.0,07:42:00,18:13:00,10:31:00,0.28,0.16,0.21,0.55,0.06,0.09,0.23,0.02,193,65,128,59,81,35,42,18.0,92,24,402,159,152.0,713.0,0.1,18.6,0.89,0.42,0.272,0.7,0.17,22.752000000000002
303,2019-10-31,20.9,13.8,5.04,64,0.5,947.5,944.7,1,0.46,0.0,07:43:00,18:12:00,10:28:00,0.19,0.22,0.25,0.58,0.08,0.06,0.21,0.02,111,53,118,63,112,30,62,14.0,11,0,341,146,87.0,574.0,3.3,20.2,0.93,0.74,1.143,0.7,0.063,28.685999999999996
304,2019-11-01,19.2,14.0,11.16,70,0.2,945.9,938.9,0,0.3,0.0,07:44:00,18:11:00,10:26:00,0.21,0.22,0.21,0.36,0.09,0.07,0.3,0.02,178,67,135,60,63,40,50,18.0,91,0,376,167,159.0,702.0,2.5,21.6,0.45,0.35,0.791,1.5,0.26,28.931000000000004
305,2019-11-02,18.3,13.4,11.88,74,0.0,938.7,928.8,1,0.3,0.0,07:46:00,18:10:00,10:23:00,0.28,0.22,0.22,0.43,0.07,0.09,0.22,0.02,114,76,124,67,88,29,62,18.0,81,24,326,172,161.0,659.0,4.1,19.1,0.62,0.56,0.616,2.3,0.481,29.327
306,2019-11-03,16.1,12.3,18.0,70,0.0,935.4,926.4,0,0.25,0.0,07:47:00,18:08:00,10:21:00,0.24,0.19,0.25,0.62,0.07,0.07,0.2,0.02,124,57,134,68,67,26,0,0.0,76,12,325,151,76.0,552.0,2.4,21.2,0.67,0.69,0.353,0.2,0.074,27.247000000000003
307,2019-11-04,16.3,9.3,19.08,70,1.3,935.9,929.9,0,0.15,0.0,07:48:00,18:07:00,10:19:00,0.32,0.22,0.18,0.59,0.06,0.09,0.24,0.03,135,67,123,62,112,47,62,14.0,74,0,370,176,150.0,696.0,2.1,19.1,0.55,0.52,0.771,1.1,0.235,26.106
308,2019-11-05,14.3,7.3,11.16,72,1.8,937.3,930.5,0,0.23,0.0,07:49:00,18:06:00,10:17:00,0.27,0.21,0.23,0.44,0.09,0.09,0.24,0.03,150,77,128,68,82,30,0,0.0,30,12,360,175,30.0,565.0,4.1,18.6,0.73,0.47,1.48,2.1,0.206,29.286
309,2019-11-06,13.5,6.9,6.84,74,0.1,939.5,935.5,0,0.29,0.0,07:50:00,18:05:00,10:14:00,0.19,0.17,0.27,0.42,0.09,0.08,0.25,0.02,156,57,125,64,56,35,42,6.5,24,24,337,156,72.5,565.5,3.7,21.8,0.47,0.71,0.834,0.7,0.404,30.108
310,2019-11-07,12.1,3.9,11.88,73,1.0,935.8,933.4,0,0.28,0.0,07:51:00,18:04:00,10:12:00,0.21,0.17,0.19,0.43,0.08,0.08,0.18,0.03,132,52,138,57,106,40,42,10.0,40,24,376,149,92.0,617.0,2.3,21.1,0.88,0.53,1.185,1.0,0.284,28.649
311,2019-11-08,11.6,3.7,11.88,74,0.1,943.5,934.2,2,0.28,0.0,07:53:00,18:03:00,10:10:00,0.19,0.2,0.28,0.55,0.06,0.09,0.23,0.03,190,62,134,59,96,39,42,14.0,35,0,420,160,91.0,671.0,1.7,19.0,0.84,0.78,1.136,1.2,0.038,26.323999999999998
312,2019-11-09,11.3,4.7,6.84,73,1.4,943.1,938.9,0,0.1,0.0,07:54:00,18:02:00,10:08:00,0.24,0.16,0.18,0.51,0.07,0.09,0.26,0.02,164,67,125,66,79,44,62,10.0,43,12,368,177,115.0,660.0,2.6,18.5,0.11,0.11,0.832,0.0,0.065,23.747000000000003
313,2019-11-10,9.6,3.5,11.88,73,0.0,941.5,938.6,0,0.19,0.0,07:55:00,18:01:00,10:06:00,0.26,0.18,0.22,0.5,0.09,0.08,0.21,0.03,164,65,129,59,69,41,0,18.0,20,12,362,165,38.0,565.0,4.3,18.7,0.98,0.05,0.885,1.4,0.459,28.344
314,2019-11-11,11.7,3.1,6.12,70,0.0,941.3,937.4,0,0.27,0.0,07:56:00,18:00:00,10:03:00,0.24,0.23,0.27,0.53,0.08,0.08,0.27,0.02,198,95,128,63,51,47,0,6.5,1,12,377,205,7.5,589.5,2.6,20.5,0.84,0.33,1.477,1.2,0.306,28.973
315,2019-11-12,12.3,3.6,6.12,73,5.4,939.5,932.0,0,0.33,0.0,07:57:00,17:59:00,10:01:00,0.28,0.16,0.29,0.36,0.07,0.08,0.2,0.03,197,71,134,66,91,46,0,6.5,35,12,422,183,41.5,646.5,1.9,19.6,0.69,0.49,1.521,2.1,0.199,27.970000000000006
316,2019-11-13,14.9,8.4,10.08,70,1.8,935.0,929.1,2,0.12,0.0,07:58:00,17:58:00,09:59:00,0.26,0.14,0.19,0.55,0.06,0.06,0.28,0.02,102,95,120,64,76,47,0,18.0,58,24,298,206,76.0,580.0,3.8,20.0,0.77,0.39,1.358,0.1,0.055,28.033
317,2019-11-14,9.9,4.5,12.96,72,0.5,931.2,922.4,0,0.1,0.0,08:00:00,17:57:00,09:57:00,0.23,0.18,0.29,0.41,0.09,0.07,0.26,0.03,148,77,133,68,62,27,50,18.0,66,24,343,172,134.0,649.0,2.0,21.5,0.32,0.7,0.012,1.3,0.129,27.521
318,2019-11-15,8.6,3.5,10.08,72,0.0,931.1,924.1,2,0.16,0.0,08:01:00,17:57:00,09:55:00,0.31,0.24,0.21,0.36,0.07,0.08,0.2,0.02,139,85,113,63,79,37,42,0.0,32,24,331,185,74.0,590.0,1.6,21.7,0.7,0.06,0.079,1.5,0.057,27.185999999999996
319,2019-11-16,9.9,0.9,5.04,74,0.0,938.8,930.9,0,0.12,0.0,08:02:00,17:56:00,09:53:00,0.3,0.14,0.26,0.49,0.07,0.08,0.24,0.03,188,55,128,60,60,27,62,0.0,113,12,376,142,175.0,693.0,2.9,18.4,0.72,0.39,1.33,1.6,0.309,27.258999999999997
320,2019-11-17,7.5,2.9,7.92,73,3.9,938.8,932.0,0,0.0,0.0,08:03:00,17:55:00,09:51:00,0.22,0.22,0.24,0.56,0.07,0.09,0.3,0.02,172,84,115,57,64,34,50,14.0,26,0,351,175,90.0,616.0,1.7,20.6,0.43,0.59,0.31,2.3,0.045,27.695000000000004
321,2019-11-18,10.3,2.5,11.88,74,0.0,939.4,931.6,0,0.26,0.0,08:04:00,17:54:00,09:50:00,0.24,0.23,0.24,0.42,0.09,0.08,0.21,0.03,180,94,118,65,107,24,50,0.0,92,12,405,183,142.0,730.0,3.5,20.2,0.68,0.11,1.023,0.0,0.042,27.095
322,2019-11-19,9.4,0.7,2.88,70,0.0,942.8,936.4,0,0.08,0.0,08:05:00,17:54:00,09:48:00,0.23,0.16,0.26,0.58,0.07,0.08,0.29,0.03,194,97,137,64,82,47,62,6.5,20,24,413,208,88.5,709.5,2.5,20.4,0.23,0.29,0.304,0.3,0.091,25.814999999999998
323,2019-11-20,8.2,2.8,2.16,72,5.2,936.6,931.7,0,0.05,0.0,08:07:00,17:53:00,09:46:00,0.24,0.23,0.28,0.45,0.09,0.08,0.25,0.02,143,53,126,66,97,34,62,6.5,110,12,366,153,178.5,697.5,0.9,18.2,0.51,0.23,0.405,1.3,0.091,23.276000000000003
324,2019-11-21,8.6,5.2,2.88,72,1.6,932.0,929.8,0,0.18,0.0,08:08:00,17:52:00,09:44:00,0.21,0.21,0.23,0.41,0.08,0.08,0.21,0.03,162,72,132,56,50,52,42,6.5,118,24,344,180,166.5,690.5,4.6,21.9,0.16,0.22,0.204,1.0,0.386,29.929999999999996
325,2019-11-22,11.2,6.4,11.16,70,8.8,930.3,916.0,1,0.1,0.0,08:09:00,17:52:00,09:42:00,0.23,0.19,0.27,0.41,0.08,0.09,0.18,0.02,179,51,131,60,65,41,50,0.0,50,24,375,152,100.0,627.0,1.7,20.1,0.91,0.46,0.379,0.8,0.103,25.922000000000008
326,2019-11-23,11.4,5.8,12.96,70,0.0,934.7,917.0,0,0.22,0.0,08:10:00,17:51:00,09:41:00,0.25,0.23,0.21,0.58,0.09,0.08,0.26,0.02,115,74,114,60,89,29,0,10.0,52,12,318,163,62.0,543.0,0.2,18.4,0.53,0.18,0.309,0.4,0.038,21.777
327,2019-11-24,11.8,6.0,11.16,74,0.0,938.4,933.6,0,0.13,0.0,08:11:00,17:50:00,09:39:00,0.19,0.21,0.27,0.47,0.08,0.07,0.26,0.03,147,94,134,66,73,58,0,6.5,74,0,354,218,80.5,652.5,1.7,20.8,0.21,0.72,0.392,0.0,0.395,25.797
328,2019-11-25,15.2,8.7,7.92,73,0.0,939.5,936.2,2,0.24,0.0,08:12:00,17:50:00,09:37:00,0.2,0.19,0.28,0.53,0.07,0.06,0.19,0.02,162,53,138,60,88,58,62,18.0,33,24,388,171,113.0,672.0,1.7,19.7,0.49,0.0,0.682,1.6,0.442,26.153999999999996
329,2019-11-26,13.1,9.4,6.12,70,2.5,938.9,932.8,0,0.2,0.0,08:13:00,17:50:00,09:36:00,0.22,0.17,0.25,0.49,0.07,0.09,0.24,0.03,182,81,118,59,89,54,50,6.5,104,0,389,194,160.5,743.5,1.7,18.1,0.66,0.69,0.429,1.4,0.276,24.814999999999998
330,2019-11-27,12.7,9.1,9.0,71,0.0,938.0,933.0,2,0.26,0.0,08:14:00,17:49:00,09:34:00,0.19,0.24,0.29,0.57,0.09,0.09,0.28,0.02,155,54,128,56,52,45,62,14.0,21,0,335,155,97.0,587.0,4.4,18.7,0.62,0.04,1.322,0.1,0.375,27.327
331,2019-11-28,11.6,7.9,10.08,74,0.0,940.9,937.3,0,0.23,0.0,08:15:00,17:49:00,09:33:00,0.28,0.15,0.25,0.5,0.07,0.06,0.26,0.03,180,99,123,58,54,39,62,0.0,113,0,357,196,175.0,728.0,1.1,21.4,0.72,0.55,1.196,1.7,0.17,28.436
332,2019-11-29,14.2,10.8,6.84,73,0.6,944.2,939.6,0,0.28,0.0,08:16:00,17:48:00,09:31:00,0.27,0.23,0.18,0.48,0.07,0.08,0.22,0.03,150,93,136,65,65,39,0,6.5,102,0,351,197,108.5,656.5,1.2,20.4,0.12,0.63,0.649,2.0,0.084,26.642999999999997
333,2019-11-30,14.6,7.9,11.16,71,7.8,944.3,937.1,0,0.11,0.0,08:17:00,17:48:00,09:30:00,0.19,0.18,0.26,0.44,0.07,0.09,0.18,0.03,171,82,116,67,66,35,50,0.0,55,24,353,184,105.0,642.0,1.5,18.6,0.72,0.64,1.427,0.2,0.08,24.607
334,2019-12-01,8.5,5.8,3.96,78,26.8,937.5,932.9,0,0.02,0.0,08:18:00,17:48:00,09:29:00,0.25,0.24,0.3,0.53,0.09,0.08,0.3,0.02,161,82,124,59,50,58,42,18.0,82,0,335,199,142.0,676.0,2.6,19.7,0.9,0.37,1.322,0.4,0.463,27.564999999999998
335,2019-12-02,10.8,5.4,18.0,75,0.0,940.0,937.0,0,0.24,0.0,08:19:00,17:48:00,09:28:00,0.23,0.24,0.21,0.62,0.06,0.09,0.29,0.03,163,63,124,60,82,54,62,0.0,27,0,369,177,89.0,635.0,0.1,18.6,0.93,0.42,1.39,1.9,0.103,25.213000000000005
336,2019-12-03,8.9,2.6,11.88,74,2.0,940.0,936.1,0,0.04,0.0,08:20:00,17:47:00,09:26:00,0.29,0.18,0.18,0.6,0.09,0.08,0.28,0.02,114,72,127,56,54,31,62,10.0,91,12,295,159,163.0,617.0,4.4,18.1,0.24,0.51,0.435,1.5,0.03,26.935000000000002
337,2019-12-04,11.4,4.9,11.16,73,2.0,936.3,930.9,0,0.27,0.0,08:21:00,17:47:00,09:25:00,0.3,0.21,0.25,0.38,0.07,0.09,0.3,0.03,179,64,127,66,54,43,50,18.0,103,0,360,173,171.0,704.0,2.4,19.0,0.13,0.24,0.334,2.0,0.128,25.862
338,2019-12-05,11.6,7.9,12.96,78,0.0,944.7,934.9,0,0.17,0.0,08:22:00,17:47:00,09:24:00,0.28,0.22,0.26,0.54,0.09,0.06,0.3,0.03,117,72,112,61,80,37,50,6.5,114,0,309,170,170.5,649.5,4.3,19.3,0.74,0.27,1.104,2.2,0.293,29.987
339,2019-12-06,12.5,6.7,3.96,76,0.0,946.4,944.2,2,0.25,0.0,08:23:00,17:47:00,09:23:00,0.25,0.2,0.28,0.61,0.06,0.09,0.29,0.03,154,98,136,59,78,40,62,18.0,103,24,368,197,183.0,748.0,4.5,21.2,0.31,0.56,0.662,0.6,0.283,29.924999999999997
340,2019-12-07,12.0,3.7,2.88,75,0.0,947.8,945.0,0,0.15,0.0,08:24:00,17:47:00,09:22:00,0.22,0.15,0.24,0.47,0.09,0.06,0.2,0.03,168,69,129,62,88,44,42,18.0,4,24,385,175,64.0,624.0,2.4,18.6,0.37,0.57,0.243,0.5,0.13,24.273
341,2019-12-08,6.6,4.1,1.08,72,2.7,949.2,946.3,2,0.19,0.0,08:25:00,17:47:00,09:21:00,0.21,0.2,0.25,0.46,0.07,0.09,0.26,0.02,199,79,130,58,52,39,42,18.0,57,12,381,176,117.0,674.0,0.8,20.0,0.38,0.17,1.132,1.3,0.03,25.372000000000003
342,2019-12-09,11.5,5.0,5.04,78,0.0,952.3,948.0,0,0.26,0.0,08:26:00,17:47:00,09:20:00,0.26,0.22,0.24,0.38,0.08,0.07,0.26,0.03,183,74,118,69,73,33,42,14.0,35,24,374,176,91.0,641.0,4.5,21.1,0.44,0.72,0.4,1.2,0.392,30.291999999999998
343,2019-12-10,7.6,3.9,2.16,77,0.0,952.5,947.4,0,0.03,0.0,08:27:00,17:47:00,09:20:00,0.28,0.24,0.26,0.59,0.08,0.07,0.18,0.03,133,57,138,56,51,26,42,0.0,78,24,322,139,120.0,581.0,1.1,20.5,0.45,0.16,1.044,0.4,0.143,25.526999999999997
344,2019-12-11,10.8,3.5,10.08,72,0.3,947.7,944.2,2,0.34,0.0,08:28:00,17:47:00,09:19:00,0.3,0.23,0.26,0.53,0.06,0.09,0.18,0.02,109,91,130,56,110,40,0,18.0,75,12,349,187,93.0,629.0,4.3,20.7,0.9,0.68,1.202,0.6,0.156,30.208
345,2019-12-12,9.5,3.9,14.04,76,1.7,946.5,936.5,0,0.13,0.0,08:28:00,17:47:00,09:18:00,0.22,0.18,0.26,0.56,0.07,0.09,0.26,0.03,196,70,131,61,101,29,42,6.5,58,0,428,160,106.5,694.5,0.0,18.5,0.03,0.28,0.817,0.4,0.237,21.934
346,2019-12-13,14.5,9.2,14.04,74,0.0,941.2,935.8,0,0.26,0.0,08:29:00,17:47:00,09:18:00,0.25,0.21,0.21,0.42,0.08,0.06,0.18,0.03,133,68,116,58,72,54,50,10.0,12,24,321,180,72.0,573.0,2.3,20.0,0.76,0.25,0.666,1.9,0.344,27.66
347,2019-12-14,12.5,6.5,9.0,73,0.0,942.2,940.0,2,0.3,0.0,08:30:00,17:48:00,09:17:00,0.21,0.21,0.18,0.39,0.07,0.09,0.26,0.02,106,96,125,60,76,38,0,6.5,80,12,307,194,86.5,587.5,0.8,18.2,0.06,0.13,1.045,2.0,0.256,23.921
348,2019-12-15,11.4,6.7,6.84,74,0.0,940.7,933.3,0,0.27,0.0,08:31:00,17:48:00,09:17:00,0.26,0.16,0.27,0.43,0.08,0.09,0.21,0.03,131,59,125,69,70,37,42,14.0,109,0,326,165,165.0,656.0,3.6,18.0,0.03,0.0,0.446,1.2,0.312,25.118000000000006
349,2019-12-16,14.0,6.5,11.88,74,0.3,933.3,922.4,1,0.23,0.0,08:31:00,17:48:00,09:16:00,0.2,0.16,0.27,0.36,0.07,0.07,0.3,0.02,106,97,124,56,90,47,62,10.0,28,12,320,200,100.0,620.0,1.7,20.9,0.12,0.76,1.009,0.2,0.039,26.178
350,2019-12-17,10.9,7.1,6.12,73,0.9,937.6,923.0,0,0.21,0.0,08:32:00,17:48:00,09:16:00,0.29,0.16,0.25,0.47,0.07,0.06,0.23,0.03,142,76,113,63,90,52,62,6.5,57,12,345,191,125.5,661.5,0.6,20.4,0.49,0.75,1.456,1.7,0.276,27.231999999999996
351,2019-12-18,9.0,3.3,2.16,77,1.2,942.1,937.4,0,0.07,0.0,08:33:00,17:49:00,09:16:00,0.28,0.15,0.3,0.43,0.09,0.06,0.18,0.03,151,64,136,60,100,48,50,6.5,26,0,387,172,82.5,641.5,4.6,20.3,0.32,0.69,1.031,0.2,0.324,28.985000000000003
352,2019-12-19,12.3,7.2,6.84,74,38.4,939.2,923.7,0,0.1,0.0,08:33:00,17:49:00,09:15:00,0.3,0.16,0.3,0.39,0.07,0.06,0.24,0.03,178,84,126,59,105,45,62,10.0,63,24,409,188,135.0,732.0,1.0,19.1,0.4,0.78,0.41,2.1,0.37,25.710000000000004
353,2019-12-20,12.8,10.7,15.12,75,12.8,927.0,921.8,0,0.28,0.0,08:34:00,17:50:00,09:15:00,0.25,0.14,0.18,0.6,0.07,0.07,0.27,0.03,126,68,112,60,68,45,42,18.0,63,12,306,173,123.0,602.0,4.7,19.7,0.23,0.57,0.974,1.1,0.262,29.146
354,2019-12-21,16.0,10.4,19.08,74,1.0,932.8,926.1,0,0.18,0.0,08:34:00,17:50:00,09:15:00,0.3,0.19,0.29,0.37,0.08,0.07,0.2,0.02,137,80,128,59,55,24,50,6.5,94,12,320,163,150.5,633.5,2.5,19.1,0.26,0.27,0.767,1.0,0.404,25.821
355,2019-12-22,13.4,8.5,14.04,72,0.0,946.2,932.7,2,0.18,0.0,08:35:00,17:51:00,09:15:00,0.25,0.17,0.18,0.41,0.09,0.06,0.23,0.02,150,62,125,60,106,57,0,0.0,73,24,381,179,73.0,633.0,0.1,18.1,0.3,0.73,1.061,1.6,0.066,23.367000000000004
356,2019-12-23,12.2,5.2,3.96,73,0.0,951.2,945.5,0,0.21,0.0,08:35:00,17:51:00,09:15:00,0.21,0.15,0.29,0.5,0.08,0.08,0.19,0.02,174,95,114,56,62,49,50,14.0,87,12,350,200,151.0,701.0,3.5,18.1,0.29,0.56,1.437,1.1,0.082,26.589000000000002
357,2019-12-24,13.8,5.5,3.96,72,0.0,952.3,949.1,0,0.23,0.0,08:36:00,17:52:00,09:15:00,0.25,0.19,0.3,0.48,0.06,0.06,0.21,0.03,171,50,122,67,88,26,42,6.5,45,24,381,143,93.5,617.5,2.9,20.1,0.29,0.16,1.004,1.2,0.113,27.347
358,2019-12-25,14.8,5.5,2.16,73,0.0,949.9,947.0,0,0.12,0.0,08:36:00,17:52:00,09:15:00,0.23,0.17,0.27,0.51,0.08,0.09,0.25,0.03,124,95,131,57,68,41,0,14.0,97,12,323,193,111.0,627.0,2.6,18.9,0.26,0.65,1.498,0.2,0.055,25.793
359,2019-12-26,14.3,5.6,3.96,73,0.0,951.4,947.8,0,0.16,0.0,08:37:00,17:53:00,09:16:00,0.26,0.18,0.29,0.43,0.07,0.07,0.29,0.03,195,92,117,64,72,45,62,6.5,88,24,384,201,156.5,741.5,3.1,18.5,0.87,0.74,0.132,0.7,0.015,25.677
360,2019-12-27,13.4,3.9,2.88,72,0.0,952.7,950.0,0,0.28,0.0,08:37:00,17:54:00,09:16:00,0.29,0.22,0.29,0.41,0.08,0.06,0.21,0.02,185,95,117,66,101,37,0,10.0,17,12,403,198,27.0,628.0,2.4,21.2,0.89,0.35,1.302,0.4,0.482,28.604
361,2019-12-28,13.9,2.2,2.16,75,0.0,951.6,949.9,0,0.32,0.0,08:37:00,17:54:00,09:16:00,0.3,0.22,0.2,0.52,0.09,0.07,0.21,0.02,177,95,113,65,56,40,62,10.0,96,12,346,200,168.0,714.0,4.7,19.8,0.24,0.33,0.873,1.9,0.19,29.663
362,2019-12-29,13.1,2.3,2.88,77,0.0,953.1,950.8,0,0.23,0.0,08:38:00,17:55:00,09:17:00,0.3,0.17,0.27,0.37,0.08,0.07,0.29,0.02,145,83,118,66,90,50,42,18.0,98,24,353,199,158.0,710.0,2.6,19.7,0.45,0.73,0.852,2.0,0.36,28.261999999999997
363,2019-12-30,12.3,2.2,2.88,74,0.0,954.0,950.9,1,0.16,0.0,08:38:00,17:56:00,09:17:00,0.25,0.17,0.27,0.53,0.09,0.07,0.25,0.03,121,83,114,59,85,26,42,6.5,98,12,320,168,146.5,634.5,1.3,18.2,0.51,0.54,0.062,1.8,0.337,24.409000000000002
364,2019-12-31,11.1,2.0,1.08,78,0.0,954.2,951.8,0,0.34,0.0,08:38:00,17:56:00,09:18:00,0.27,0.15,0.18,0.44,0.09,0.07,0.25,0.02,173,76,120,67,82,38,42,18.0,49,12,375,181,109.0,665.0,1.9,20.9,0.64,0.01,1.005,1.3,0.041,27.266000000000002
